Provincia de Córdoba según Municipios/Comunas. Indicadores seleccionados. Año 2010,,,,,,,,,,,,,,,,,,,,,,,,,,,,,,,,,,,,
,,,,,,,,,,,,,,,,,,,,,,,,,,,,,,,,,,,,
Departamento,Municipio o Comuna,Hogares,contexto22,contexto14,contexto16,contexto17,Población total,contexto01,% Población 15 a 64 años,% Población 15 a 64 años ocupada,Población 15 a 64 años ocupada que es asalariada,% Población 15 a 64 años asalariada sin descuento jubilatorio,contexto08,contexto06,% Población de 25 a 64 años,contexto10,contexto11,% Población de 18 a 64 años,contexto12,contexto15,contexto13,% Población con dificultad o limitación visual,% Población con dificultad o limitación auditiva,% Población con dificultad o limitación motora inferior,% Población con dificultad o limitación motora superior,% Población con dificultad o limitación cognitiva,% Población con dos o más dificultades o limitaciones,% Población según tipo de dificultad o limitación para ver,% Población con al menos una dificultad o limitación para oír,% Población con al menos una dificultad o limitación para caminar o subir,% Población con al menos una dificultad o limitación para agarrar objetos,% Población con al menos una dificultad o limitación para entender y/o aprender,% Población en asentamientos informales,contexto21,,
TOTAL PROVINCIAL,-,"1,031,843",7.6,16.2,1.2,3.2,"3,308,876",20.1,64.5,68.0,72.6,35.3,6.0,67.1,47.6,50.8,11.2,59.5,29.4,1.5,12.2,5.3,0.7,1.7,0.3,0.6,3.7,8.0,2.2,4.5,1.9,1.7,-,.,,
CALAMUCHITA, ZONA RURAL NO COMPRENDIDA EN MUNICIPIOS O COMUNAS,459,7.6,8.9,3.9,4.6,"1,743",-,65.9,49.7,73.0,47.2,5.1,56.1,47.8,35.0,11.9,56.2,32.0,3.1,10.0,4.2,0.8,1.0,0.3,0.9,2.8,6.3,1.5,3.3,1.5,1.7,-,.,,
CALAMUCHITA, EMBALSE,"2,572",8.5,17.1,0.8,2.6,"9,107",98.3,61.8,58.8,86.3,29.2,5.1,69.8,45.2,48.7,11.8,55.0,33.2,1.4,10.0,3.8,0.7,1.5,0.3,0.6,3.0,6.0,1.7,4.0,1.6,1.4,-,.,,
CALAMUCHITA, LA CRUZ,532,12.2,14.5,0.6,2.1,"1,551",10.0,60.4,60.6,85.2,34.5,3.2,65.1,45.1,36.7,15.6,54.7,29.7,0.1,14.6,4.5,1.0,1.6,0.4,1.0,6.1,9.0,3.7,6.6,2.8,3.0,-,.,,
CALAMUCHITA, LOS CONDORES,980,10.9,16.0,0.2,1.2,"2,964",11.7,60.7,63.0,85.3,31.4,3.6,63.4,45.9,39.3,14.1,55.6,30.3,0.4,13.5,5.4,0.9,2.0,0.1,0.6,4.5,8.6,2.3,5.4,2.2,2.2,-,.,,
CALAMUCHITA, RIO DE LOS SAUCES,451,10.6,15.7,1.8,2.0,"1,326",1.8,61.5,61.2,87.2,32.6,3.1,60.0,47.1,26.7,14.8,56.9,28.3,0.3,11.1,4.4,0.8,1.7,0.2,0.5,3.4,7.3,1.7,4.1,1.6,1.4,-,.,,
CALAMUCHITA, SANTA ROSA DE CALAMUCHITA,"4,020",7.4,15.2,1.0,4.4,"12,830",122.0,62.5,68.5,81.2,40.4,4.9,54.4,47.5,48.5,11.2,57.6,31.2,2.3,10.9,4.7,0.6,1.3,0.3,0.7,3.4,7.2,1.9,3.9,1.9,1.7,-,.,,
CALAMUCHITA, VILLA DEL DIQUE,"1,055",9.8,14.6,0.7,1.1,"3,303",50.0,61.6,65.7,81.4,43.7,4.5,64.9,48.2,46.8,14.5,57.0,28.5,1.8,13.7,5.1,1.1,2.0,0.2,0.7,4.7,9.0,2.7,5.5,2.3,2.1,-,.,,
CALAMUCHITA, VILLA GENERAL BELGRANO,"2,676",7.9,16.3,1.0,2.6,"8,257",60.2,63.1,69.9,57.5,22.6,4.9,67.4,49.7,61.4,13.5,58.9,27.6,5.0,8.9,3.4,0.6,1.7,0.2,0.4,2.5,5.2,1.6,3.7,1.3,1.2,-,.,,
CALAMUCHITA, SAN AGUSTIN,"1,093",8.6,14.9,0.2,5.5,"3,732",23.5,61.0,60.9,86.3,34.8,5.5,66.6,45.2,34.4,9.1,55.6,35.3,0.5,9.3,3.3,0.8,1.7,0.3,0.6,2.7,5.1,1.7,3.8,1.6,1.5,-,.,,
CALAMUCHITA, VILLA RUMIPAL,890,8.0,14.4,0.8,2.7,"2,663",113.9,61.6,64.5,78.7,41.5,4.2,58.7,48.7,49.5,14.4,56.8,28.8,3.0,11.5,4.0,0.9,2.1,0.4,0.8,3.3,6.4,2.2,4.6,1.6,1.5,-,.,,
CALAMUCHITA, VILLA YACANTO,420,4.0,12.4,3.6,7.6,"1,634",3.1,62.5,62.1,75.3,53.3,4.8,46.3,46.0,37.4,5.3,57.5,37.2,3.3,8.8,4.8,0.4,0.9,0.4,0.9,1.5,6.0,1.1,1.8,0.9,1.4,-,.,,
CALAMUCHITA, AMBOY,79,7.6,10.1,1.3,0.0,228,15.6,64.9,75.0,68.5,39.5,6.7,62.7,49.6,37.2,7.9,61.0,31.1,0.0,15.4,5.7,0.4,2.2,0.9,0.9,5.3,10.5,1.3,7.0,2.6,1.8,-,.,,
CALAMUCHITA, CALMAYO,36,16.7,8.3,2.8,0.0,74,2.9,63.5,72.3,102.9,40.0,2.9,73.0,56.8,42.9,20.3,60.8,18.9,0.0,23.0,5.4,0.0,1.4,0.0,0.0,16.2,20.3,9.5,14.9,10.8,8.1,-,.,,
CALAMUCHITA, CAÑADA DEL SAUCE,33,6.1,12.1,3.0,0.0,75,3.5,73.3,70.9,82.1,46.9,0.0,57.3,52.0,43.6,18.7,66.7,14.7,1.3,21.3,4.0,0.0,1.3,1.3,0.0,14.7,16.0,4.0,13.3,8.0,5.3,-,.,,
CALAMUCHITA, LAS BAJADAS,52,7.7,23.1,0.0,3.8,141,47.5,63.8,58.9,94.3,36.0,10.2,66.0,50.4,29.6,10.6,60.3,29.1,1.4,18.4,3.5,2.1,2.1,0.7,2.1,7.8,10.6,6.4,7.1,2.1,4.3,-,.,,
CALAMUCHITA, LAS CALERAS,91,6.6,7.7,0.0,6.6,268,4.3,65.3,69.7,87.7,30.8,2.4,72.0,48.5,21.5,9.7,60.4,29.9,0.7,19.8,9.3,0.4,3.0,0.4,0.0,6.7,15.3,3.0,7.8,1.5,1.1,-,.,,
CALAMUCHITA, LOS MOLINOS,100,10.0,11.0,0.0,2.0,338,28.7,61.8,67.9,96.5,42.3,2.1,62.7,45.3,18.3,13.3,55.0,31.7,0.0,13.9,4.7,0.3,0.6,0.0,0.9,7.4,10.4,2.4,5.9,2.4,2.7,-,.,,
CALAMUCHITA, LOS REARTES,420,4.8,11.7,3.3,6.7,"1,426",33.2,64.8,68.0,73.7,44.1,7.5,50.5,48.9,46.4,7.9,59.7,32.4,2.7,9.1,3.4,0.8,1.8,0.6,0.4,2.1,4.8,1.8,3.4,1.6,0.8,-,.,,
CALAMUCHITA, LUTTI,58,5.2,13.8,1.7,0.0,183,0.7,62.3,61.4,75.7,45.3,2.8,62.3,45.4,14.5,16.4,55.2,28.4,0.0,16.4,7.7,0.0,1.1,0.5,0.0,7.1,12.6,1.6,7.7,2.7,1.1,-,.,,
CALAMUCHITA, SAN IGNACIO,78,11.5,17.9,0.0,3.8,247,4.0,59.9,64.2,82.1,34.6,4.0,63.6,44.1,40.4,15.0,51.4,33.6,0.8,18.2,6.5,2.0,1.6,0.4,1.6,6.1,10.1,5.7,6.9,2.8,3.2,-,.,,
CALAMUCHITA, SEGUNDA USINA,56,5.4,17.9,3.6,0.0,170,21.1,60.6,65.0,79.1,43.4,5.6,52.9,48.2,32.9,14.7,58.8,26.5,2.4,22.9,8.8,0.0,3.5,0.0,1.8,8.8,14.7,3.5,10.6,2.9,5.3,-,.,,
CALAMUCHITA, VILLA AMANCAY,145,9.7,11.7,0.7,4.1,450,11.7,63.3,60.4,73.8,39.4,4.4,42.7,47.3,28.6,11.1,55.8,33.1,1.3,12.7,3.6,0.7,2.9,0.4,0.0,5.1,6.7,2.9,7.3,3.1,1.3,-,.,,
CALAMUCHITA, VILLA CIUDAD PARQUE LOS REARTES,347,4.9,11.2,2.6,3.5,"1,165",18.0,66.7,66.2,66.7,48.4,3.9,47.0,52.6,49.4,8.4,62.3,29.3,2.8,6.7,3.2,0.6,0.3,0.2,0.5,2.0,4.4,1.5,1.6,1.0,0.8,-,.,,
CALAMUCHITA, VILLA QUILLINZO,30,10.0,16.7,0.0,6.7,79,3.1,54.4,72.1,71.0,36.4,0.0,54.4,43.0,29.4,16.5,48.1,35.4,0.0,17.7,6.3,0.0,1.3,0.0,3.8,6.3,11.4,5.1,6.3,2.5,8.9,-,.,,
CALAMUCHITA, LA CUMBRECITA,242,3.7,17.8,1.7,4.5,776,15.4,67.7,75.4,84.8,45.2,1.5,53.4,51.0,41.4,8.0,63.0,29.0,2.7,12.0,3.7,0.9,1.9,0.3,0.5,4.6,7.7,2.6,5.0,2.2,2.3,-,.,,
CAPITAL, CORDOBA,"414,237",6.2,17.5,1.6,3.3,"1,329,604",2319.5,66.2,69.6,72.1,30.0,7.4,68.8,48.1,59.3,10.2,61.4,28.4,2.4,13.2,6.0,0.7,1.6,0.3,0.6,4.1,9.0,2.4,4.6,2.1,1.8,2.1,1.7,,
COLON, ZONA RURAL NO COMPRENDIDA EN MUNICIPIOS O COMUNAS,39,15.4,10.3,2.6,2.6,132,-,57.6,71.1,29.6,37.5,5.3,51.5,43.9,13.8,15.9,53.8,30.3,3.8,11.4,3.8,0.0,1.5,0.0,0.8,5.3,6.8,3.8,5.3,1.5,3.8,-,.,,
COLON, AGUA DE ORO,723,7.3,11.5,1.2,2.4,"2,111",18.6,63.3,74.5,47.6,16.7,3.6,69.9,51.4,61.1,13.6,59.2,27.2,2.2,12.3,6.1,0.5,0.9,0.3,0.6,3.9,9.0,1.8,4.2,1.8,1.6,-,.,,
COLON, COLONIA CAROYA,"6,170",5.8,14.7,0.7,2.5,"20,821",112.8,64.1,68.8,76.6,28.5,5.5,71.7,47.8,48.7,9.9,59.1,31.0,1.3,10.2,4.6,0.6,1.4,0.3,0.5,2.7,6.7,1.7,3.5,1.5,1.2,-,.,,
COLON, COLONIA TIROLESA,"1,465",5.2,14.7,0.4,6.3,"5,342",14.2,62.5,65.7,53.7,40.6,5.6,49.8,45.5,27.7,8.4,57.1,34.5,1.7,11.7,5.1,0.5,1.9,0.1,0.7,3.3,7.4,2.0,4.3,1.5,1.6,-,.,,
COLON, ESTACION JUAREZ CELMAN,"2,913",2.4,17.9,0.6,10.8,"12,129",93.9,61.3,59.8,78.7,34.7,7.2,44.7,41.5,23.4,3.9,54.6,41.5,1.1,12.5,5.7,0.7,1.3,0.3,0.6,3.9,8.6,2.3,3.9,2.2,2.1,-,.,,
COLON, JESUS MARIA,"9,221",5.5,18.0,1.3,4.4,"31,864",322.2,65.6,64.6,83.4,27.4,6.6,70.2,47.4,52.6,9.4,60.6,30.1,0.6,10.7,4.8,0.5,1.3,0.2,0.5,3.2,7.2,1.9,3.7,1.7,1.4,-,.,,
COLON, LA CALERA,"8,738",4.7,18.4,0.5,6.6,"32,227",372.8,63.7,66.5,85.1,38.2,6.8,62.2,46.2,45.9,7.0,58.1,34.9,0.9,11.9,5.3,0.7,1.5,0.2,0.5,3.6,8.1,2.2,4.4,1.8,1.4,-,.,,
COLON, LA GRANJA,"1,017",9.1,15.3,0.4,2.4,"3,234",28.0,61.9,68.5,44.9,18.5,4.3,63.3,47.4,53.3,13.3,56.8,29.9,1.5,11.1,4.9,0.5,1.5,0.3,1.0,2.9,7.1,1.8,3.6,1.5,1.9,-,.,,
COLON, MALVINAS ARGENTINAS,"3,098",3.5,16.4,0.6,12.1,"12,581",128.2,61.4,59.2,79.2,36.0,10.1,46.6,42.4,22.7,4.8,54.9,40.3,1.5,13.5,6.4,0.6,1.4,0.3,0.7,4.1,9.7,2.1,4.5,2.2,1.9,-,.,,
COLON, MENDIOLAZA,"2,874",2.6,12.4,0.7,2.2,"10,317",613.0,62.7,76.3,78.5,21.7,3.1,78.8,50.4,76.8,4.6,58.1,37.3,1.2,5.6,2.7,0.4,0.8,0.1,0.3,1.2,3.5,0.9,1.7,0.6,0.7,-,.,,
COLON, RIO CEBALLOS,"6,336",7.9,17.8,0.8,3.0,"20,242",165.2,63.4,69.6,79.8,32.0,6.2,68.3,48.4,60.4,11.7,58.2,30.1,1.4,11.0,4.8,0.7,1.5,0.3,0.4,3.3,7.2,1.9,4.1,1.7,1.3,-,.,,
COLON, SALDAN,"2,917",4.3,18.6,0.5,5.9,"10,606",1892.5,63.9,70.6,73.1,32.0,5.5,60.3,46.8,50.6,7.8,58.6,33.7,1.3,9.5,3.5,0.6,1.3,0.3,0.6,3.1,5.9,1.9,3.8,1.9,1.5,-,.,,
COLON, SALSIPUEDES,"3,036",6.4,14.9,0.6,4.3,"9,842",70.7,62.9,67.1,79.5,32.0,7.0,63.8,48.6,54.9,10.1,58.0,31.9,1.1,10.3,3.9,0.7,1.5,0.2,0.5,3.5,6.5,2.1,3.9,1.8,1.4,-,.,,
COLON, UNQUILLO,"5,395",6.9,19.0,0.8,4.0,"18,483",240.5,63.9,68.8,76.7,40.4,6.2,57.8,46.4,54.2,9.3,58.0,32.6,1.1,11.8,4.8,0.7,1.6,0.3,0.7,3.8,7.6,2.2,4.4,1.9,1.6,-,.,,
COLON, VILLA ALLENDE,"7,988",5.1,16.9,0.5,3.5,"28,374",288.3,64.2,71.1,76.4,35.9,5.7,70.9,47.6,65.7,8.6,58.8,32.5,1.7,9.3,3.8,0.6,1.2,0.3,0.6,2.8,5.9,1.9,3.4,1.7,1.5,-,.,,
COLON, COLONIA VICENTE Agüero,107,10.3,13.1,0.0,2.8,352,8.6,60.8,71.5,33.3,41.2,0.6,55.4,50.3,24.3,19.6,57.7,22.7,3.7,15.9,5.4,0.6,1.4,0.6,1.4,6.5,11.1,4.0,5.1,2.6,4.5,-,.,,
COLON, EL MANZANO,382,7.6,17.5,0.5,6.8,"1,298",33.1,61.9,66.0,47.6,22.9,7.8,44.8,44.8,28.4,9.0,56.1,34.9,0.5,16.7,7.4,0.9,1.0,0.5,1.9,5.0,10.9,3.3,4.5,2.5,3.3,-,.,,
COLON, ESTACION GENERAL PAZ,687,7.7,18.2,0.9,5.7,"2,253",20.2,63.4,63.9,49.5,21.9,6.6,55.3,46.8,28.2,10.1,58.1,31.9,0.8,12.7,6.7,0.5,1.5,0.3,0.5,3.1,9.1,1.6,3.8,1.9,1.3,-,.,,
COLON, MI GRANJA,437,0.9,18.1,1.6,10.8,"2,149",51.5,63.8,60.1,86.8,42.7,4.7,51.5,45.6,34.7,6.1,58.4,35.5,3.6,9.4,4.2,0.5,1.5,0.1,0.3,2.8,6.5,1.4,3.6,1.3,0.9,-,.,,
COLON, VILLA CERRO AZUL,96,4.2,9.4,2.1,3.1,280,40.0,62.5,73.1,48.4,14.5,3.8,63.9,53.6,66.7,9.3,59.6,31.1,2.9,7.5,3.9,1.1,0.0,0.0,0.0,2.5,6.1,2.1,1.8,1.8,0.7,-,.,,
COLON, TINOCO,141,8.5,8.5,2.8,7.1,514,2.1,59.3,54.1,46.7,33.8,3.5,54.1,44.7,13.0,12.8,54.7,32.5,0.0,12.8,6.2,0.6,1.2,0.2,1.0,3.7,9.1,2.5,3.3,0.8,1.8,-,.,,
CRUZ DEL EJE, ZONA RURAL NO COMPRENDIDA EN MUNICIPIOS O COMUNAS,911,8.6,15.8,1.8,9.4,"3,404",-,59.7,41.6,67.7,52.8,7.7,31.3,42.2,13.8,12.1,52.6,35.3,0.4,22.6,7.8,1.3,3.3,0.5,1.0,8.6,14.5,5.0,9.6,3.5,3.5,-,.,,
CRUZ DEL EJE, CRUZ DEL EJE,"8,492",7.7,22.8,0.5,5.9,"30,844",614.1,62.3,52.9,85.2,40.2,7.6,56.1,44.5,45.8,11.4,56.1,32.5,0.4,15.5,6.1,0.8,2.0,0.2,0.6,5.6,10.5,3.0,6.5,2.7,2.5,-,.,,
CRUZ DEL EJE, SAN MARCOS SIERRAS,701,9.8,18.4,1.4,3.0,"2,199",166.5,65.1,62.3,68.3,54.5,5.2,45.3,50.4,53.2,9.9,59.7,30.4,3.6,13.2,6.6,0.6,1.8,0.3,0.2,3.6,9.4,1.8,4.9,1.5,1.0,-,.,,
CRUZ DEL EJE, SERREZUELA,682,6.7,20.1,1.0,9.7,"2,678",60.1,60.8,44.2,81.8,56.2,8.0,32.0,39.9,23.4,9.5,52.7,37.8,0.1,19.7,6.2,0.9,2.5,0.4,0.9,8.7,13.4,5.1,9.1,4.4,3.4,-,.,,
CRUZ DEL EJE, VILLA DE SOTO,"2,675",6.9,20.0,0.7,6.4,"9,927",394.7,62.1,57.2,82.2,48.2,6.0,49.5,44.7,39.3,9.7,55.7,34.5,0.2,17.1,7.0,0.8,2.3,0.4,0.7,6.0,11.7,3.7,6.7,2.8,2.3,-,.,,
CRUZ DEL EJE, ALTO DE LOS QUEBRACHOS,80,10.0,15.0,1.3,5.0,268,1.5,65.7,30.1,32.1,41.2,11.7,36.9,45.1,6.6,9.3,57.5,33.2,0.0,22.0,8.2,0.7,2.2,0.0,0.7,10.1,17.2,7.8,9.7,5.2,6.0,-,.,,
CRUZ DEL EJE, BAÑADO DE SOTO,226,8.8,8.8,1.8,9.3,941,16.3,60.1,38.0,77.2,59.6,1.8,35.7,43.7,17.0,9.7,53.7,36.7,0.0,12.0,3.1,0.6,1.3,0.9,1.1,5.1,7.0,3.3,4.6,2.6,2.7,-,.,,
CRUZ DEL EJE, CRUZ DE CAÑA,101,8.9,21.8,2.0,7.9,352,23.2,60.2,44.8,90.5,45.3,5.0,36.9,42.9,12.6,15.1,54.3,30.7,0.0,27.6,6.3,1.4,3.4,0.3,2.8,13.4,16.8,6.5,13.9,5.4,8.0,-,.,,
CRUZ DEL EJE, EL BRETE,527,2.8,23.7,0.4,10.2,"2,327",46.2,64.3,38.8,54.7,47.5,11.3,25.8,44.9,14.7,5.0,57.4,37.6,0.0,15.0,4.8,1.5,2.8,0.6,1.0,4.2,7.7,3.1,6.1,2.1,2.2,-,.,,
CRUZ DEL EJE, GUANACO MUERTO,167,6.0,19.8,3.6,6.6,554,11.5,62.3,51.3,50.8,40.0,5.3,39.5,46.4,13.2,11.7,56.1,32.1,0.2,25.3,7.8,0.7,2.3,0.2,0.7,13.5,18.8,7.4,13.0,7.6,5.6,-,.,,
CRUZ DEL EJE, LA BATEA,49,2.0,22.4,0.0,0.0,180,6.4,60.0,65.7,66.2,53.2,1.4,26.1,44.4,11.3,11.1,53.9,35.0,0.0,12.2,3.9,0.6,3.3,0.0,0.6,3.9,7.8,3.3,6.1,1.1,1.1,-,.,,
CRUZ DEL EJE, LA HIGUERA,117,11.1,24.8,0.9,7.7,411,46.5,59.6,41.6,65.7,37.3,8.1,40.4,41.6,23.4,8.5,53.3,38.2,0.5,21.2,8.8,0.2,1.5,1.0,1.2,8.5,15.3,3.6,7.8,5.8,4.6,-,.,,
CRUZ DEL EJE, LAS CAÑADAS,68,10.3,13.2,5.9,11.8,272,9.0,51.1,52.5,87.7,71.9,0.0,26.8,39.7,19.4,10.7,46.7,42.6,0.7,22.8,8.8,1.5,2.2,0.7,0.7,8.8,16.5,5.5,8.8,2.2,2.6,-,.,,
CRUZ DEL EJE, LAS PLAYAS,268,4.9,16.8,0.7,6.0,962,51.6,62.3,48.7,84.9,54.0,11.8,34.9,46.9,22.0,7.4,56.4,36.2,0.6,14.6,6.1,1.0,2.4,0.2,0.8,4.0,9.0,2.7,4.9,0.9,2.5,-,.,,
CRUZ DEL EJE, LOS CHAÑARITOS (C. D. E.),147,6.1,12.9,2.7,4.1,564,14.7,64.5,31.0,54.0,29.5,23.6,36.3,43.4,9.4,7.6,56.0,36.3,0.2,18.3,7.3,0.7,4.1,0.2,0.5,5.5,11.9,3.9,8.2,2.8,2.0,-,.,,
CRUZ DEL EJE, MEDIA NARANJA,246,7.3,19.5,0.0,15.0,936,32.1,61.2,46.8,41.0,47.3,6.3,38.5,39.7,12.1,7.8,52.2,40.0,0.2,17.3,5.8,1.0,2.6,0.7,1.1,6.2,10.6,4.1,6.8,3.7,2.9,-,.,,
CRUZ DEL EJE, PASO VIEJO,268,6.7,23.5,0.7,8.2,"1,033",2390.1,57.8,52.8,82.9,59.4,2.5,35.1,40.9,15.6,8.5,51.0,40.5,0.3,21.5,8.4,1.3,2.9,0.4,0.7,7.8,15.0,5.3,8.8,3.3,3.7,-,.,,
CRUZ DEL EJE, TUCLAME,223,4.0,17.0,0.9,11.7,907,2093.0,59.6,43.3,81.2,57.9,4.1,32.5,39.6,20.1,7.7,52.8,39.5,0.0,26.0,7.6,1.3,3.6,0.4,2.9,10.1,15.4,6.4,10.7,5.5,6.3,-,.,,
GENERAL ROCA, ZONA RURAL NO COMPRENDIDA EN MUNICIPIOS O COMUNAS,"1,203",3.6,4.2,8.6,2.2,"3,439",-,69.5,75.0,91.7,38.4,1.2,75.0,55.1,20.2,6.0,64.9,29.1,0.7,7.8,4.4,0.4,1.0,0.1,0.4,1.4,5.4,1.0,2.1,0.7,0.6,-,.,,
GENERAL ROCA, BUCHARDO,647,13.0,12.7,0.6,2.3,"1,795",541.3,60.5,71.1,87.6,50.4,2.9,66.0,47.6,32.4,15.4,56.6,28.0,0.6,10.1,3.7,0.8,2.3,0.1,0.4,2.8,5.7,1.6,4.7,1.2,1.3,-,.,,
GENERAL ROCA, DEL CAMPILLO,"1,165",8.1,14.6,0.5,3.3,"3,508",575.3,65.0,67.5,89.7,51.9,3.5,63.4,48.3,30.1,10.7,60.1,29.2,0.3,10.8,4.4,0.7,1.5,0.3,0.7,3.1,6.6,1.7,3.9,1.7,1.5,-,.,,
GENERAL ROCA, HUINCA RENANCO,"3,031",10.2,16.5,0.6,2.5,"9,487",742.1,62.4,68.7,85.4,46.6,4.1,65.5,45.8,41.3,12.7,57.1,30.2,0.6,9.9,4.1,0.7,1.5,0.3,0.6,2.8,5.8,1.6,3.9,1.4,1.4,-,.,,
GENERAL ROCA, ITALO,381,12.3,15.0,1.6,1.3,"1,120",374.3,61.2,75.2,96.1,45.7,1.3,66.8,45.4,38.8,16.0,56.2,27.9,0.8,11.2,3.0,0.5,3.0,0.3,0.9,3.4,5.6,2.0,5.6,1.8,1.7,-,.,,
GENERAL ROCA, JOVITA,"1,554",9.9,12.8,0.9,2.6,"4,823",1312.1,63.3,70.0,91.0,54.2,2.2,72.1,46.8,41.9,13.2,57.0,29.8,0.7,10.4,3.8,0.4,1.7,0.2,0.4,4.0,6.0,1.6,5.2,2.6,2.2,-,.,,
GENERAL ROCA, MATTALDI,614,10.3,11.2,0.8,1.6,"1,842",345.9,62.8,68.4,91.9,56.7,2.5,62.8,47.9,31.3,13.0,58.1,28.9,0.8,9.1,3.3,0.6,1.8,0.4,0.7,2.3,4.8,1.2,3.7,1.5,1.2,-,.,,
GENERAL ROCA, VILLA HUIDOBRO,"1,805",8.5,15.7,0.2,2.7,"5,658",914.1,62.2,65.9,87.7,53.2,3.7,61.7,46.0,38.1,11.8,57.6,30.6,0.3,10.2,4.2,0.7,1.7,0.1,0.7,2.9,6.1,1.6,3.8,1.3,1.5,-,.,,
GENERAL ROCA, VILLA VALERIA,896,8.0,16.6,0.4,6.4,"3,002",739.1,62.1,67.4,44.5,41.3,4.4,56.3,46.4,26.7,9.1,57.0,33.8,0.4,12.0,5.5,0.6,1.6,0.1,1.4,2.8,7.5,1.7,3.4,1.2,2.6,-,.,,
GENERAL ROCA, NICOLAS BRUZZONE,65,6.2,10.8,1.5,4.6,214,88.9,60.7,62.3,93.8,40.8,0.0,57.9,45.3,18.6,8.4,55.6,36.0,0.5,15.9,6.1,1.4,1.9,0.0,0.9,5.6,11.2,3.3,5.1,0.9,0.9,-,.,,
GENERAL ROCA, ONAGOITY,23,8.7,17.4,4.3,0.0,63,58.8,58.7,62.2,117.4,37.0,0.0,85.7,46.0,17.2,23.8,52.4,23.8,0.0,6.3,1.6,1.6,0.0,0.0,0.0,3.2,3.2,4.8,1.6,0.0,0.0,-,.,,
GENERAL ROCA, PINCEN,87,9.2,17.2,2.3,0.0,254,215.1,63.8,70.4,100.0,43.0,1.7,63.0,48.4,35.0,9.8,59.4,30.7,2.0,6.3,3.1,0.0,1.6,0.4,0.4,0.8,3.5,0.0,2.4,0.8,0.8,-,.,,
GENERAL ROCA, RANQUELES,17,17.6,0.0,0.0,0.0,67,181.2,68.7,54.3,104.0,61.5,0.0,65.7,37.3,28.0,7.5,50.7,41.8,1.5,4.5,4.5,0.0,0.0,0.0,0.0,0.0,4.5,0.0,0.0,0.0,0.0,-,.,,
GENERAL ROCA, VILLA SARMIENTO (G. R.),120,1.7,16.7,1.7,10.0,373,8.1,59.8,63.2,39.7,32.1,7.2,39.9,47.5,13.6,5.6,55.5,38.9,0.0,9.1,4.8,0.3,1.1,0.3,0.8,1.9,6.4,1.1,2.4,1.1,2.1,-,.,,
GRAL.SAN MARTIN, ZONA RURAL NO COMPRENDIDA EN MUNICIPIOS O COMUNAS,"1,855",2.4,4.7,2.9,3.9,"6,483",-,64.7,72.7,90.5,58.0,1.2,54.6,45.4,20.2,4.2,59.2,36.6,0.8,6.4,3.3,0.3,1.0,0.2,0.5,1.1,4.0,0.7,1.7,0.6,0.9,-,.,,
GRAL.SAN MARTIN, ARROYO ALGODON,229,9.6,18.3,0.4,2.2,692,681.8,63.6,68.0,81.3,48.6,4.2,68.5,42.9,30.0,13.0,58.5,28.5,0.1,15.9,6.8,0.6,3.3,0.0,0.9,4.3,10.1,2.0,6.5,1.6,1.6,-,.,,
GRAL.SAN MARTIN, ARROYO CABRAL,978,12.1,12.8,0.3,0.3,"2,793",1024.8,66.2,70.7,83.6,36.6,3.5,79.1,49.9,43.0,14.6,61.4,24.0,0.6,11.6,4.3,0.7,2.5,0.3,0.5,3.3,6.6,2.0,5.0,1.6,1.2,-,.,,
GRAL.SAN MARTIN, AUSONIA,340,10.0,15.0,0.3,2.9,"1,133",497.7,58.7,62.6,75.2,39.6,4.6,61.3,43.7,29.9,12.2,52.7,35.1,0.6,9.7,3.5,0.9,1.9,0.2,0.5,2.7,5.3,1.9,3.8,1.3,1.5,-,.,,
GRAL.SAN MARTIN, CHAZON,357,12.0,12.3,0.6,2.5,"1,080",627.2,60.8,70.0,73.3,36.8,3.2,76.9,46.2,43.9,15.3,55.9,28.8,0.6,7.2,2.6,0.5,1.5,0.2,0.6,1.9,3.8,0.9,3.1,1.2,1.2,-,.,,
GRAL.SAN MARTIN, ETRURIA,"1,413",13.2,12.9,0.5,2.0,"4,130",1356.6,62.8,71.5,72.7,37.9,2.6,74.9,47.2,40.6,14.1,58.1,27.8,1.5,9.0,3.6,0.8,1.5,0.3,0.3,2.5,5.4,1.8,3.4,1.2,0.9,-,.,,
GRAL.SAN MARTIN, LA LAGUNA,512,12.9,11.3,0.6,1.4,"1,524",897.1,60.5,69.4,77.7,28.6,3.5,77.5,46.8,34.2,13.4,55.5,31.1,0.9,9.8,4.8,0.4,1.9,0.3,0.2,2.2,6.4,1.4,3.5,1.0,0.9,-,.,,
GRAL.SAN MARTIN, LA PALESTINA,175,13.1,9.7,0.0,0.6,502,385.2,61.8,62.3,70.5,43.4,4.0,71.3,44.6,29.0,15.9,55.2,28.9,0.2,4.6,1.6,0.4,1.2,0.4,0.0,1.0,2.0,0.8,2.2,0.8,0.2,-,.,,
GRAL.SAN MARTIN, LA PLAYOSA,900,9.8,14.9,0.3,2.8,"2,757",1041.3,61.5,72.6,93.5,56.9,3.3,69.0,45.8,39.6,13.8,56.3,29.9,0.6,10.2,3.6,0.7,2.1,0.2,0.5,3.0,5.8,1.6,4.4,1.5,1.3,-,.,,
GRAL.SAN MARTIN, LUCA,176,9.7,14.8,0.6,2.8,563,566.7,60.6,66.3,76.5,31.8,4.2,74.8,44.0,24.2,11.5,55.8,32.7,0.4,20.2,10.1,0.5,2.7,0.7,1.1,5.2,14.0,2.8,6.7,2.5,2.1,-,.,,
GRAL.SAN MARTIN, PASCO,390,10.5,12.3,0.3,1.3,"1,201",434.8,63.4,72.3,76.0,23.7,2.7,83.3,47.1,36.6,15.9,58.3,25.8,0.2,9.2,2.9,0.7,1.9,0.5,0.3,2.8,5.1,1.9,4.0,2.2,0.9,-,.,,
GRAL.SAN MARTIN, SILVIO PELLICO,137,12.4,7.3,0.7,0.7,405,517.9,62.2,71.0,84.4,49.0,1.1,79.8,47.4,40.1,16.3,56.5,27.2,0.0,13.8,4.2,1.0,3.2,1.0,0.2,4.2,7.2,2.5,7.2,3.2,0.7,-,.,,
GRAL.SAN MARTIN, TICINO,709,9.3,12.6,0.7,4.5,"2,207",543.3,62.7,74.3,76.0,23.5,2.8,80.5,45.9,36.6,10.9,57.4,31.7,0.5,5.9,1.9,0.3,1.3,0.3,0.4,1.8,3.1,1.1,2.5,1.1,0.6,-,.,,
GRAL.SAN MARTIN, TIO PUJIO,876,10.2,13.6,0.5,4.1,"2,676",935.4,63.0,66.3,86.1,43.6,4.0,71.7,46.7,36.1,12.3,56.9,30.8,0.4,15.2,5.6,1.0,2.6,0.7,0.7,4.6,9.2,2.7,6.2,2.9,1.9,-,.,,
GRAL.SAN MARTIN, VILLA MARIA,"27,001",9.3,14.8,1.2,2.4,"79,946",916.6,65.0,74.1,65.4,36.1,4.2,73.5,49.0,56.0,12.4,60.4,27.2,1.1,11.4,4.8,0.7,1.7,0.4,0.5,3.4,7.3,1.9,4.3,1.9,1.3,-,.,,
GRAL.SAN MARTIN, VILLA NUEVA,"5,823",7.2,16.5,0.5,3.9,"19,362",764.2,63.5,70.4,72.3,39.7,4.7,68.7,47.4,42.7,9.2,58.4,32.4,1.1,11.0,4.1,0.7,1.7,0.3,0.6,3.5,6.7,2.0,4.4,1.8,1.5,-,.,,
ISCHILIN, ZONA RURAL NO COMPRENDIDA EN MUNICIPIOS O COMUNAS,753,12.5,12.6,0.7,5.0,"2,328",-,60.1,52.9,62.0,42.8,7.4,47.8,45.6,16.4,15.5,54.8,29.7,0.4,20.3,7.8,1.1,2.0,0.4,1.3,7.8,14.0,4.9,8.0,4.0,3.1,-,.,,
ISCHILIN, DEAN FUNES,"6,001",7.6,23.3,0.6,4.1,"21,518",1286.7,61.2,60.7,75.4,34.9,6.3,59.8,44.1,47.3,11.3,55.4,33.3,0.3,15.1,6.3,0.8,2.0,0.3,0.6,5.1,10.3,2.8,6.1,2.5,2.0,-,.,,
ISCHILIN, QUILINO,"1,387",8.8,19.6,0.7,6.6,"5,262",341.7,57.2,53.6,66.6,41.3,5.5,48.9,40.0,30.9,10.4,51.0,38.7,0.3,15.9,7.4,0.9,1.9,0.3,0.8,4.6,11.3,2.7,5.3,1.9,1.9,-,.,,
ISCHILIN, AVELLANEDA,99,10.1,17.2,0.0,6.1,323,297.4,57.6,56.5,84.8,27.0,8.7,68.1,43.7,19.9,14.2,52.6,33.1,0.3,18.3,7.4,1.5,2.5,0.0,0.3,6.5,12.4,4.6,7.1,2.5,2.2,-,.,,
ISCHILIN, CAÑADA DE RIO PINTO,73,19.2,16.4,1.4,2.7,193,50.4,61.7,37.8,80.0,50.0,4.3,51.3,43.0,22.9,19.2,52.3,28.5,1.0,25.4,14.5,0.5,1.6,1.0,0.0,7.8,21.2,3.6,6.7,4.1,0.5,-,.,,
ISCHILIN, CHUÑA,151,10.6,28.5,0.7,13.2,563,482.3,53.8,42.9,83.8,41.3,5.8,38.5,36.4,10.2,13.7,48.0,38.4,0.0,22.9,8.3,1.1,3.0,0.2,1.2,9.1,15.3,5.0,10.1,3.4,3.2,-,.,,
ISCHILIN, COPACABANA,18,5.6,33.3,0.0,11.1,74,54.3,55.4,36.6,73.3,36.4,6.3,31.1,36.5,7.4,2.7,47.3,50.0,1.4,9.5,8.1,0.0,1.4,0.0,0.0,0.0,8.1,0.0,1.4,0.0,0.0,-,.,,
ISCHILIN, LOS POZOS,14,0.0,7.1,0.0,0.0,95,46.6,70.5,34.3,78.3,61.1,0.0,48.4,49.5,17.0,10.5,63.2,26.3,1.1,15.8,10.5,1.1,1.1,0.0,0.0,3.2,13.7,2.1,2.1,1.1,0.0,-,.,,
ISCHILIN, OLIVARES DE SAN NICOLAS,149,1.3,20.8,0.7,7.4,615,65.6,58.5,39.7,76.2,36.7,11.7,34.8,40.5,8.0,7.3,52.0,40.7,0.0,12.5,5.5,0.8,2.1,0.5,0.5,3.1,7.3,2.3,4.4,1.8,1.1,-,.,,
ISCHILIN, VILLA GUTIERREZ,89,10.1,11.2,1.1,13.5,341,92.0,61.9,50.2,90.6,43.8,16.5,51.9,41.9,24.5,10.9,56.6,32.6,0.9,19.6,6.7,0.3,3.8,0.3,0.9,7.6,12.0,3.2,10.0,4.1,3.5,-,.,,
JUAREZ CELMAN, ZONA RURAL NO COMPRENDIDA EN MUNICIPIOS O COMUNAS,"1,363",3.4,5.5,5.2,2.1,"4,127",-,67.0,72.2,75.4,38.7,1.3,71.3,50.9,24.7,6.5,62.8,30.7,1.2,7.2,3.9,0.4,0.9,0.3,0.2,1.6,5.0,1.0,2.0,0.9,0.9,-,.,,
JUAREZ CELMAN, ALEJANDRO ROCA,"1,741",9.1,13.3,0.2,2.4,"5,394",256.5,62.1,70.5,72.4,37.2,2.8,68.5,46.6,39.9,12.7,57.1,30.2,0.5,11.2,4.3,0.6,1.8,0.2,0.5,3.7,7.1,2.3,5.0,2.4,2.1,-,.,,
JUAREZ CELMAN, BENGOLEA,304,12.5,13.8,0.3,2.3,917,612.3,62.2,67.4,77.3,48.5,3.0,66.4,44.7,32.0,14.1,57.3,28.7,0.4,12.5,4.9,1.7,3.5,0.2,0.1,2.1,6.2,2.6,5.5,0.9,0.5,-,.,,
JUAREZ CELMAN, CARNERILLO,627,8.6,15.5,0.3,1.4,"1,928",854.2,64.5,68.9,72.7,36.0,2.8,68.5,47.8,33.9,13.4,59.1,27.5,0.7,8.7,2.1,1.0,1.7,0.2,0.9,2.9,3.9,2.2,4.1,1.6,1.8,-,.,,
JUAREZ CELMAN, CHARRAS,364,9.1,9.6,0.5,2.5,"1,117",485.8,65.6,64.0,70.4,25.8,4.7,69.8,49.2,27.6,10.2,61.1,28.6,1.1,12.2,4.7,1.3,1.3,0.2,1.3,3.4,6.9,2.6,4.2,1.7,1.7,-,.,,
JUAREZ CELMAN, GENERAL CABRERA,"3,800",9.0,14.2,0.6,2.8,"11,837",1594.8,64.2,70.3,58.8,24.7,4.3,72.1,47.7,34.8,11.7,59.0,29.3,0.8,11.8,4.9,0.7,1.9,0.2,0.8,3.4,7.3,2.0,4.2,1.5,1.8,-,.,,
JUAREZ CELMAN, GENERAL DEHEZA,"3,475",7.2,13.1,0.8,1.9,"11,083",623.6,66.1,71.7,76.1,31.2,4.1,75.0,49.5,43.3,9.3,60.8,29.9,0.9,7.8,2.8,0.7,1.5,0.2,0.6,2.1,4.2,1.4,3.1,1.0,1.3,-,.,,
JUAREZ CELMAN, HUANCHILLA,411,14.4,11.7,0.7,1.2,"1,147",432.5,61.1,71.2,71.7,34.9,2.3,74.2,45.9,36.1,17.0,55.7,27.3,0.9,9.0,3.2,0.8,2.1,0.1,1.0,1.8,4.2,1.0,3.5,1.1,1.9,-,.,,
JUAREZ CELMAN, LA CARLOTA,"4,090",9.6,16.0,0.7,2.2,"12,722",405.7,61.5,69.2,71.7,42.4,4.0,72.7,46.5,46.1,12.6,56.1,31.3,0.5,10.6,3.8,0.6,1.8,0.3,0.6,3.4,5.9,2.0,4.4,2.1,2.0,-,.,,
JUAREZ CELMAN, LOS CISNES,190,11.6,13.7,0.5,6.3,563,534.3,58.6,63.9,77.3,33.1,3.7,67.9,45.8,31.4,13.5,53.8,32.7,0.4,10.8,3.2,0.9,3.0,0.2,0.2,3.4,5.9,2.1,5.0,1.6,0.9,-,.,,
JUAREZ CELMAN, OLAETA,219,10.0,8.7,0.9,0.9,644,261.3,64.1,68.8,72.2,45.4,1.7,72.2,50.9,31.1,11.3,59.6,29.0,0.5,9.2,4.2,0.9,1.6,0.0,0.6,1.9,5.9,1.7,2.8,0.6,0.9,-,.,,
JUAREZ CELMAN, REDUCCION,536,9.1,13.4,0.7,4.1,"1,742",292.6,62.2,62.7,81.7,35.9,5.8,61.5,43.8,20.1,11.3,56.8,32.0,0.3,13.1,6.2,0.7,2.2,0.2,0.5,3.3,8.5,2.0,4.9,1.7,1.8,-,.,,
JUAREZ CELMAN, SANTA EUFEMIA,763,10.9,15.6,0.5,2.5,"2,417",570.2,62.7,67.5,71.9,32.6,3.6,71.7,45.1,39.9,13.0,57.3,29.7,0.8,11.5,5.4,0.9,1.4,0.2,0.4,3.1,7.6,2.3,3.6,1.4,1.1,-,.,,
JUAREZ CELMAN, UCACHA,"1,775",12.3,12.8,0.5,2.0,"5,167",925.5,60.7,71.4,69.6,47.3,3.1,70.0,46.8,40.4,15.6,56.0,28.4,0.4,13.4,6.3,0.9,1.8,0.2,0.4,3.9,9.2,2.7,4.7,1.6,1.5,-,.,,
JUAREZ CELMAN, ASSUNTA,25,4.0,0.0,0.0,4.0,73,97.8,54.8,40.0,100.0,0.0,0.0,79.5,46.6,14.7,11.0,53.4,35.6,0.0,4.1,0.0,0.0,4.1,0.0,0.0,0.0,0.0,0.0,4.1,0.0,0.0,-,.,,
JUAREZ CELMAN, EL RASTREADOR,27,7.4,14.8,0.0,7.4,85,137.3,54.1,58.7,96.3,46.2,0.0,42.4,35.3,16.7,9.4,50.6,40.0,1.2,7.1,2.4,0.0,2.4,0.0,0.0,2.4,3.5,0.0,4.7,2.4,0.0,-,.,,
JUAREZ CELMAN, PACHECO DE MELO,16,0.0,6.3,6.3,0.0,60,178.8,60.0,58.3,76.2,31.3,0.0,73.3,51.7,32.3,5.0,58.3,36.7,0.0,1.7,0.0,1.7,0.0,0.0,0.0,0.0,0.0,1.7,0.0,0.0,0.0,-,.,,
JUAREZ CELMAN, PASO DEL DURAZNO,29,0.0,248.3,113.8,0.0,87,2.0,72.4,77.8,69.4,47.1,0.0,70.1,56.3,38.8,3.4,66.7,29.9,0.0,14.9,8.0,2.3,1.1,0.0,0.0,3.4,11.5,3.4,2.3,2.3,0.0,-,.,,
MARCOS JUAREZ, ZONA RURAL NO COMPRENDIDA EN MUNICIPIOS O COMUNAS,"1,524",4.9,8.7,0.4,1.4,"4,598",-,65.2,66.5,79.6,30.1,1.0,79.5,52.2,26.6,10.2,61.5,28.4,1.1,6.2,2.7,0.5,1.1,0.2,0.4,1.2,3.5,1.0,2.0,0.7,0.8,-,.,,
MARCOS JUAREZ, ALEJO LEDESMA,"1,111",12.7,32.9,1.4,1.2,"3,385",564.7,61.4,64.2,72.4,40.2,3.6,68.9,45.6,43.9,15.7,56.4,27.9,0.3,11.7,5.0,0.6,1.5,0.2,0.8,3.6,7.6,1.9,4.4,1.6,1.7,-,.,,
MARCOS JUAREZ, ARIAS,"2,446",11.1,10.2,0.2,1.3,"7,249",992.1,62.2,67.9,69.4,42.4,3.5,67.8,46.7,42.0,15.6,56.6,27.8,0.8,8.2,3.1,0.6,1.7,0.2,0.4,2.4,4.7,1.5,3.8,1.3,1.1,-,.,,
MARCOS JUAREZ, CAMILO ALDAO,"1,889",14.6,1.1,0.1,1.3,"5,209",867.6,61.9,67.8,67.9,42.3,3.2,71.4,48.4,47.8,18.8,57.7,23.5,0.8,11.3,4.7,0.8,1.8,0.3,0.5,3.3,6.9,2.1,4.2,1.7,1.5,-,.,,
MARCOS JUAREZ, CAPITAN GENERAL BERNARDO O HIGGINS,145,4.8,36.6,0.0,9.7,497,110.0,60.8,64.6,81.0,53.2,2.0,44.5,45.7,25.6,10.7,55.5,33.8,3.4,8.2,3.2,0.8,2.0,0.2,0.4,1.6,3.6,1.4,3.4,1.2,1.6,-,.,,
MARCOS JUAREZ, CAVANAGH,419,13.4,8.6,0.0,0.2,"1,240",586.3,62.6,61.9,72.1,36.1,2.4,65.6,44.1,36.9,16.0,54.2,29.8,0.2,8.8,3.1,0.4,1.7,0.1,0.9,2.7,4.8,1.2,3.9,1.0,1.8,-,.,,
MARCOS JUAREZ, COLONIA ITALIANA,258,6.2,207.8,8.5,1.9,753,222.0,66.4,76.4,75.4,32.6,1.3,76.6,53.9,46.1,9.7,63.1,27.2,0.4,8.4,3.1,0.3,2.0,0.3,0.3,2.5,4.8,1.2,4.0,1.3,1.2,-,.,,
MARCOS JUAREZ, CORRAL DE BUSTOS,"3,719",13.2,10.0,0.2,1.7,"10,426",661.4,63.9,71.7,68.4,36.2,3.2,74.8,49.4,48.8,16.4,59.2,24.4,0.8,8.4,3.7,0.5,1.4,0.1,0.5,2.1,5.1,1.4,3.1,1.1,1.2,-,.,,
MARCOS JUAREZ, CRUZ ALTA,"2,551",12.3,4.0,0.2,1.1,"7,200",780.1,63.1,71.6,66.9,41.3,3.4,70.9,49.3,49.9,16.0,58.8,25.1,0.6,8.0,2.7,0.5,1.6,0.2,0.5,2.5,4.4,1.5,3.6,1.4,1.2,-,.,,
MARCOS JUAREZ, GENERAL BALDISSERA,810,13.0,17.2,0.4,1.4,"2,397",577.1,62.1,69.4,69.4,37.6,3.0,76.0,46.9,40.7,15.2,57.2,27.7,0.8,10.1,4.8,0.8,2.0,0.1,0.3,2.0,6.2,1.8,3.4,1.0,1.1,-,.,,
MARCOS JUAREZ, GENERAL ROCA,952,14.0,10.4,0.2,1.3,"2,785",886.4,62.2,71.8,74.3,41.0,3.0,74.5,47.8,42.6,16.7,57.5,25.9,0.5,8.5,2.6,0.7,2.3,0.2,0.7,2.1,4.0,1.5,3.8,1.0,1.2,-,.,,
MARCOS JUAREZ, GUATIMOZIN,876,13.6,18.8,0.6,1.4,"2,475",548.0,63.5,65.9,67.5,35.9,1.9,76.3,48.8,41.9,16.6,58.9,24.5,0.7,8.8,3.1,0.4,2.0,0.2,0.4,2.8,5.0,1.3,4.4,1.2,1.1,-,.,,
MARCOS JUAREZ, INRIVILLE,"1,340",13.9,18.1,0.5,0.8,"3,722",991.9,64.8,68.1,68.2,43.8,2.7,76.5,50.5,47.4,18.6,60.5,20.9,0.8,8.7,3.1,0.6,2.2,0.2,0.4,2.2,4.6,1.6,3.9,1.0,0.9,-,.,,
MARCOS JUAREZ, ISLA VERDE,"1,509",11.2,34.3,0.9,1.9,"4,390",488.6,62.9,67.3,70.9,46.1,3.5,64.4,47.2,39.9,14.2,58.0,27.8,0.4,7.4,2.3,0.5,1.8,0.3,0.6,1.8,3.4,0.8,3.4,1.3,1.2,-,.,,
MARCOS JUAREZ, LEONES,"3,579",12.4,3.5,0.1,1.5,"10,529",929.6,62.7,69.8,88.3,48.7,3.7,72.2,47.4,45.0,15.9,57.6,26.5,0.7,9.3,3.6,0.7,1.7,0.2,0.7,2.5,5.1,1.6,3.5,1.2,1.3,-,.,,
MARCOS JUAREZ, LOS SURGENTES,989,15.1,132.9,8.9,0.9,"2,795",598.7,63.8,69.2,68.8,43.1,2.4,77.0,48.7,49.7,17.1,58.9,24.1,0.7,7.4,2.0,0.6,1.8,0.0,0.5,2.5,3.5,1.5,3.7,1.2,1.2,-,.,,
MARCOS JUAREZ, MARCOS JUAREZ,"8,876",9.2,3.2,0.2,1.8,"27,071",632.0,64.0,73.4,84.7,41.0,3.5,74.8,48.7,50.6,12.8,59.2,28.0,0.9,8.8,3.7,0.7,1.5,0.2,0.4,2.2,5.3,1.7,3.2,1.1,1.0,-,.,,
MARCOS JUAREZ, MONTE BUEY,"2,061",9.6,1.7,0.0,1.6,"6,285",891.6,63.3,72.8,72.3,38.2,3.5,79.6,48.5,47.1,13.9,58.4,27.7,1.2,7.8,3.0,0.5,1.6,0.1,0.5,2.1,4.2,1.2,3.4,1.0,1.1,-,.,,
MARCOS JUAREZ, SAIRA,284,13.4,3.2,0.0,0.7,812,473.7,60.1,60.5,72.9,48.8,2.6,72.5,46.1,45.7,22.4,55.3,22.3,0.9,8.7,3.1,1.1,2.0,0.1,0.1,2.3,4.9,1.8,3.8,1.5,0.4,-,.,,
MARCOS JUAREZ, COLONIA BARGE,65,10.8,9.2,1.5,6.2,175,102.1,60.6,68.9,65.8,31.3,5.2,37.7,52.0,9.9,13.7,57.1,29.1,0.6,16.6,9.7,1.7,2.3,0.0,0.6,2.3,11.4,3.4,2.9,0.6,1.1,-,.,,
MARCOS JUAREZ, SALADILLO,65,13.8,0.0,0.0,0.0,186,77.2,62.4,58.6,83.8,45.6,5.6,55.4,46.2,14.0,14.5,54.8,30.6,3.2,11.8,3.2,0.5,1.1,0.5,2.2,4.3,5.9,1.6,4.3,2.7,4.3,-,.,,
MARCOS JUAREZ, VILLA ELISA,8,12.5,362.5,50.0,0.0,26,168.4,50.0,76.9,90.0,55.6,0.0,50.0,42.3,18.2,11.5,50.0,38.5,0.0,15.4,11.5,0.0,0.0,0.0,0.0,3.8,15.4,3.8,3.8,3.8,3.8,-,.,,
MINAS, ZONA RURAL NO COMPRENDIDA EN MUNICIPIOS O COMUNAS,203,12.8,49.8,1.0,5.4,603,-,55.7,44.9,75.5,50.0,7.9,41.6,43.6,11.0,16.6,50.7,32.7,0.3,24.0,7.8,1.3,4.1,0.2,1.3,9.3,15.8,6.5,10.3,3.2,4.6,-,.,,
MINAS, SAN CARLOS MINAS,535,7.3,7.1,0.7,3.6,"1,713",62.5,62.3,55.9,79.5,31.4,6.6,59.5,45.3,42.8,10.9,56.1,33.0,0.0,15.8,6.7,0.6,2.2,0.3,0.8,5.3,10.7,3.3,5.8,1.9,1.9,-,.,,
MINAS, CIENAGA DEL CORO,241,13.7,7.9,1.2,3.3,718,2.7,57.8,38.8,67.7,43.1,3.0,44.6,44.7,22.4,16.0,51.4,32.6,0.0,25.5,7.0,1.3,3.6,0.4,0.7,12.5,16.2,7.0,13.9,5.0,4.3,-,.,,
MINAS, EL CHACHO,106,7.5,18.9,1.9,14.2,401,6.8,52.9,32.5,97.1,55.2,4.2,37.2,37.2,10.7,12.2,46.1,41.6,0.2,20.2,8.5,1.2,2.2,0.2,1.2,6.7,13.7,4.7,6.5,2.2,2.5,-,.,,
MINAS, ESTANCIA DE GUADALUPE,167,10.2,8.4,0.0,4.2,522,2.4,61.9,41.2,80.5,70.1,7.6,34.5,47.3,10.9,14.4,54.8,30.8,0.0,18.2,6.9,0.8,1.7,0.4,0.2,8.2,13.8,3.8,8.2,4.4,2.5,-,.,,
MINAS, GUASAPAMPA,81,9.9,16.0,0.0,4.9,241,1.7,62.2,37.3,78.6,59.1,1.8,37.8,45.2,14.7,14.5,54.8,30.7,0.0,17.0,3.7,1.2,2.9,0.0,0.4,8.7,11.2,6.2,9.1,3.3,2.9,-,.,,
MINAS, LA PLAYA,65,6.2,12.3,0.0,13.8,220,2.7,62.3,50.4,88.4,49.2,8.0,47.3,43.2,21.1,8.2,52.3,39.5,0.5,21.8,9.1,0.5,2.3,0.5,0.9,8.6,15.5,2.3,7.7,4.5,4.1,-,.,,
MINAS, TALAINI,41,12.2,26.8,2.4,2.4,123,0.4,59.3,35.6,80.8,52.4,16.1,23.6,43.1,32.1,12.2,52.8,35.0,0.0,14.6,3.3,1.6,0.0,0.0,0.0,9.8,9.8,4.9,6.5,1.6,2.4,-,.,,
MINAS, TOSNO,56,14.3,171.4,14.3,7.1,186,1.5,57.0,39.6,54.8,56.5,12.5,37.6,42.5,7.6,15.6,52.2,32.3,0.5,19.9,9.1,0.5,1.6,0.0,0.0,8.6,15.1,2.2,9.1,2.7,1.6,-,.,,
POCHO, ZONA RURAL NO COMPRENDIDA EN MUNICIPIOS O COMUNAS,540,9.4,20.7,1.1,7.2,"1,852",-,57.4,41.0,70.2,64.1,11.7,30.3,43.1,9.6,14.6,52.6,32.8,0.1,21.0,7.7,1.2,3.0,0.3,1.0,7.7,14.1,4.6,8.4,3.8,3.5,-,.,,
POCHO, SALSACATE,565,9.2,5.1,0.4,3.4,"1,728",5.6,60.0,60.4,73.3,46.2,7.3,54.5,46.2,41.2,14.8,53.9,31.3,0.2,17.3,6.3,1.4,2.1,0.6,0.8,6.0,10.8,3.5,7.1,3.1,2.1,-,.,,
POCHO, CHANCANI,134,10.4,6.0,0.0,4.5,463,43.1,59.8,42.6,73.7,40.2,9.2,43.6,42.3,18.9,9.1,54.0,36.9,0.2,17.3,8.6,0.9,1.3,0.2,2.2,4.1,11.7,2.8,3.9,2.2,4.1,-,.,,
POCHO, LAS PALMAS,39,12.8,23.1,0.0,0.0,123,16.9,66.7,39.0,87.5,50.0,3.0,49.6,52.0,25.0,15.4,64.2,20.3,0.8,14.6,6.5,0.0,4.1,0.8,1.6,1.6,8.1,0.8,4.9,0.8,2.4,-,.,,
POCHO, LOS TALARES,56,3.6,23.2,5.4,1.8,157,8.3,66.9,45.7,64.6,51.6,4.0,36.3,40.1,12.7,11.5,56.1,32.5,0.0,26.8,15.9,1.9,0.0,0.0,0.0,8.9,24.2,6.4,7.0,0.6,1.3,-,.,,
POCHO, SAN GERONIMO,126,0.0,7.9,2.4,27.0,602,62.5,65.0,44.8,72.6,81.9,10.7,13.6,48.0,31.1,10.5,60.5,29.1,0.3,16.6,6.6,1.3,1.8,0.5,0.8,5.5,11.1,4.5,5.5,2.7,2.5,-,.,,
POCHO, TALA CAÑADA,81,14.8,14.8,0.0,6.2,254,3.0,55.1,60.0,92.9,52.6,5.6,37.0,37.8,17.7,15.4,50.8,33.9,0.8,20.9,6.7,1.6,2.4,0.4,0.8,9.1,13.8,5.9,9.8,2.4,2.4,-,.,,
POCHO, VILLA DE POCHO,70,8.6,72.9,58.6,4.3,201,24.1,60.7,51.6,74.6,57.4,19.2,40.8,43.8,20.5,17.9,55.2,26.9,0.0,24.4,8.0,1.0,3.0,0.0,1.0,11.4,16.4,5.5,12.4,3.0,4.0,-,.,,
PTE.R.S. PEÑA, ZONA RURAL NO COMPRENDIDA EN MUNICIPIOS O COMUNAS,926,3.6,29.8,0.5,1.2,"2,775",-,66.2,70.8,84.1,35.8,1.3,72.1,52.8,19.7,6.3,62.4,31.3,1.0,5.9,3.1,0.4,0.8,0.2,0.5,0.9,3.6,0.7,1.4,0.6,0.8,-,.,,
PTE.R.S. PEÑA, GENERAL LEVALLE,"1,887",10.4,3.4,0.1,2.1,"5,718",1285.8,62.5,70.5,70.9,45.4,4.7,70.2,47.5,38.0,12.9,57.3,29.8,0.3,9.0,2.9,0.5,1.8,0.2,0.8,2.8,4.7,1.3,4.0,1.6,1.8,-,.,,
PTE.R.S. PEÑA, LA CESIRA,437,10.8,258.1,10.1,1.4,"1,318",817.0,62.7,71.5,71.9,37.6,2.3,71.3,47.0,37.6,11.8,56.3,31.9,0.6,10.3,4.8,0.5,1.4,0.2,0.4,3.0,7.1,1.5,3.7,1.5,1.1,-,.,,
PTE.R.S. PEÑA, LABOULAYE,"6,945",11.0,0.7,0.0,2.7,"20,658",1321.1,60.5,68.2,71.4,37.9,4.7,66.7,46.4,46.1,14.5,55.6,29.9,0.6,9.5,3.6,0.7,1.8,0.3,0.6,2.6,5.3,1.6,3.8,1.4,1.3,-,.,,
PTE.R.S. PEÑA, MELO,420,11.4,6.2,0.7,1.7,"1,254",92.9,63.1,66.6,67.6,39.9,4.0,69.3,48.2,33.3,13.9,58.5,27.6,0.8,7.5,2.2,0.2,2.0,0.4,0.6,2.1,3.7,1.1,3.8,1.4,0.9,-,.,,
PTE.R.S. PEÑA, ROSALES,181,12.2,84.0,3.3,2.2,535,450.1,61.1,61.8,79.2,38.8,4.7,63.0,45.2,26.4,14.2,54.8,31.0,0.2,9.5,3.9,0.9,1.5,0.4,0.2,2.6,6.0,2.1,3.0,1.3,0.7,-,.,,
PTE.R.S. PEÑA, SERRANO,"1,057",9.7,2.7,0.1,2.0,"3,209",476.0,63.2,69.4,70.0,46.7,3.1,70.5,48.5,39.3,13.6,58.4,28.0,0.8,9.8,3.4,1.1,1.7,0.4,0.5,2.7,5.4,2.2,3.8,1.5,1.2,-,.,,
PTE.R.S. PEÑA, VILLA ROSSI,159,9.4,2.5,0.0,2.5,515,375.8,59.8,54.5,75.0,42.9,6.1,59.4,40.4,26.9,11.3,51.8,36.9,1.0,6.4,3.3,0.0,1.2,0.0,1.0,1.0,3.9,0.6,1.9,0.2,1.2,-,.,,
PTE.R.S. PEÑA, LEGUIZAMON,16,6.3,12.5,0.0,12.5,55,26.4,47.3,46.2,75.0,44.4,0.0,30.9,34.5,10.5,7.3,40.0,52.7,1.8,0.0,0.0,0.0,0.0,0.0,0.0,0.0,0.0,0.0,0.0,0.0,0.0,-,.,,
PTE.R.S. PEÑA, RIOBAMBA,37,10.8,8.1,0.0,2.7,105,95.9,62.9,69.7,78.3,58.3,0.0,58.1,46.7,18.4,12.4,60.0,27.6,0.0,6.7,1.9,0.0,1.9,1.0,0.0,1.9,3.8,1.0,2.9,1.9,1.0,-,.,,
PTE.R.S. PEÑA, SAN JOAQUIN,46,21.7,71.7,32.6,2.2,140,72.0,59.3,57.8,75.0,30.6,4.0,64.3,47.1,22.7,13.6,52.1,34.3,1.4,16.4,9.3,0.0,0.0,0.0,0.7,6.4,12.1,0.0,5.7,5.7,3.6,-,.,,
PUNILLA, ZONA RURAL NO COMPRENDIDA EN MUNICIPIOS O COMUNAS,343,4.1,77.6,6.7,5.5,"1,320",-,62.3,55.1,68.2,50.8,3.8,48.4,49.8,39.8,9.6,58.3,32.1,2.0,8.2,3.0,0.2,1.0,0.5,0.7,2.9,5.2,1.7,3.3,2.0,2.0,-,.,,
PUNILLA, BIALET MASSE,"1,802",8.3,35.2,1.4,3.3,"5,449",90.9,62.8,66.1,68.3,40.6,6.8,62.0,47.8,54.0,12.8,57.6,29.5,1.6,11.6,4.9,0.7,1.9,0.3,0.5,3.3,7.5,2.2,4.4,1.6,1.2,-,.,,
PUNILLA, CAPILLA DEL MONTE,"3,752",10.8,34.9,1.3,2.8,"11,281",110.2,62.0,65.7,60.7,49.7,5.2,54.4,48.6,56.6,15.4,57.3,27.4,2.6,11.9,4.7,0.8,1.8,0.2,0.6,3.8,7.5,2.3,4.8,1.7,1.6,-,.,,
PUNILLA, COSQUIN,"6,310",9.0,4.7,0.3,3.7,"19,815",948.0,61.8,65.4,71.4,36.3,6.6,63.2,46.5,53.2,14.5,56.8,28.8,1.0,12.9,5.3,0.7,1.8,0.2,0.8,4.0,8.3,2.4,4.9,1.9,1.8,-,.,,
PUNILLA, HUERTA GRANDE,"1,801",8.9,25.0,0.7,4.6,"5,933",445.2,63.6,62.8,72.0,48.3,7.5,52.9,47.7,42.5,12.4,58.1,29.5,1.4,16.6,7.8,0.6,1.7,0.4,0.7,5.4,12.0,2.5,6.0,2.8,2.3,-,.,,
PUNILLA, LA CUMBRE,"2,486",11.1,37.6,1.9,2.7,"7,761",114.5,61.0,67.2,68.1,50.4,5.0,58.1,46.4,49.6,14.9,55.5,29.6,2.3,11.4,4.0,0.8,2.2,0.3,0.6,3.6,6.7,2.2,5.1,1.7,1.5,-,.,,
PUNILLA, LA FALDA,"5,134",10.8,1.1,0.1,2.5,"16,379",409.0,60.6,62.9,70.0,46.0,6.3,60.3,46.5,51.3,16.3,55.9,27.7,1.7,14.5,5.2,1.0,2.3,0.3,0.5,5.2,9.0,3.0,6.3,2.5,1.9,-,.,,
PUNILLA, LOS COCOS,352,10.2,13.1,1.1,3.4,"1,245",122.8,65.4,53.3,71.0,44.2,6.7,64.4,51.5,54.6,10.9,60.8,28.3,3.5,11.6,3.1,0.6,2.6,0.2,0.7,4.4,6.3,1.8,6.6,2.2,1.8,-,.,,
PUNILLA, SAN ESTEBAN,268,6.3,201.5,7.5,1.9,857,134.3,65.5,58.6,71.1,52.6,5.2,44.2,49.5,49.1,10.4,59.6,30.0,3.7,10.0,4.3,0.6,1.5,0.2,0.1,3.3,6.8,1.9,4.2,1.4,0.9,-,.,,
PUNILLA, SANTA MARIA DE PUNILLA,"2,903",7.8,11.4,0.6,4.1,"9,691",136.2,61.5,61.2,74.3,37.7,7.3,60.7,46.9,44.8,12.9,56.8,30.3,1.1,13.4,5.5,0.8,1.9,0.4,0.7,4.2,8.7,2.4,5.1,2.2,2.0,-,.,,
PUNILLA, TANTI,"2,041",6.7,17.3,0.5,4.0,"6,841",192.9,62.7,64.6,67.6,44.6,6.4,56.5,47.3,50.5,12.1,57.1,30.8,2.1,13.7,6.4,0.8,1.7,0.8,0.5,3.5,8.9,2.3,4.3,2.3,1.4,-,.,,
PUNILLA, VALLE HERMOSO,"1,867",9.0,166.6,11.6,4.9,"6,252",112.8,60.6,60.9,74.1,44.6,8.4,53.9,44.9,42.3,15.2,54.9,29.9,1.4,12.0,4.9,0.4,1.9,0.3,0.5,4.0,7.9,2.1,5.1,2.0,1.6,-,.,,
PUNILLA, VILLA CARLOS PAZ,"19,198",7.8,1.8,0.1,2.5,"62,750",756.2,65.4,67.1,62.7,40.6,5.7,66.7,47.8,61.4,12.4,59.8,27.8,2.0,10.8,5.2,0.7,1.3,0.1,0.3,3.1,7.3,2.3,3.7,1.7,1.3,-,.,,
PUNILLA, VILLA GIARDINO,"2,030",7.6,1.1,0.3,4.1,"6,810",96.0,60.4,64.6,69.1,49.4,7.1,55.3,46.1,49.1,13.4,55.8,30.8,1.9,10.8,4.1,0.7,1.7,0.2,0.5,3.7,7.0,2.2,4.6,2.0,1.6,-,.,,
PUNILLA, CABALANGO,167,8.4,13.8,2.4,1.8,475,25.7,63.8,70.0,64.2,41.9,7.0,55.2,53.9,50.4,12.4,61.7,25.9,1.7,9.1,2.9,1.3,0.6,0.0,0.4,3.8,6.3,3.4,3.6,2.5,1.7,-,.,,
PUNILLA, CASA GRANDE,221,6.8,8.6,0.9,3.6,701,92.9,64.3,64.5,69.1,44.3,11.0,55.1,51.1,55.0,12.3,58.9,28.8,2.4,11.7,4.7,0.6,2.3,0.3,0.6,3.3,7.4,1.9,4.9,1.7,1.0,-,.,,
PUNILLA, CHARBONIER,176,12.5,11.9,1.7,5.1,553,39.4,66.4,56.9,59.3,58.1,5.0,33.8,52.4,44.5,11.2,61.5,27.3,4.3,15.7,3.4,0.7,3.3,1.1,1.1,6.1,8.5,3.6,8.1,3.3,2.4,-,.,,
PUNILLA, CUESTA BLANCA,171,4.1,25.1,1.8,2.3,510,36.6,71.2,69.4,68.3,42.4,2.7,67.1,55.7,68.0,9.4,68.4,22.2,2.0,8.0,3.5,0.2,1.8,0.4,0.4,1.8,4.7,1.2,2.9,1.2,0.6,-,.,,
PUNILLA, ESTANCIA VIEJA,284,2.8,23.9,3.2,8.1,909,220.7,63.4,70.8,76.0,49.0,5.3,45.1,47.1,49.3,6.8,57.0,36.2,2.2,10.0,3.1,0.8,2.1,0.6,0.4,3.1,5.2,2.2,4.4,1.8,1.1,-,.,,
PUNILLA, MAYU SUMAJ,422,5.0,43.1,1.7,5.5,"1,383",304.4,62.8,69.7,65.5,47.5,4.6,48.5,49.0,45.1,8.4,58.6,33.0,1.4,13.5,5.4,1.3,1.9,0.4,0.2,4.4,9.3,3.4,4.9,2.0,1.0,-,.,,
PUNILLA, SAN ANTONIO DE ARREDONDO,"1,226",4.2,2.6,0.5,1.8,"3,930",103.9,68.7,68.2,62.8,39.9,5.9,62.7,53.0,59.8,7.8,63.0,29.2,2.0,10.8,5.1,0.7,1.4,0.4,0.4,2.9,7.1,1.7,3.5,1.5,1.2,-,.,,
PUNILLA, SAN ROQUE,344,4.7,1.2,0.3,3.5,"1,128",157.7,63.3,60.1,71.3,31.0,6.3,65.2,47.3,51.4,10.6,57.8,31.6,1.5,14.4,6.4,0.4,1.4,0.8,0.7,4.6,10.2,2.0,4.9,2.7,2.0,-,.,,
PUNILLA, TALA HUASI,41,19.5,187.8,14.6,0.0,147,56.6,72.1,50.0,56.6,26.7,1.9,63.9,57.8,63.5,9.5,70.7,19.7,4.1,4.8,1.4,0.0,1.4,0.7,0.7,0.7,2.0,0.0,2.0,1.4,0.7,-,.,,
PUNILLA, VILLA PARQUE SIQUIMAN,587,4.8,17.7,0.9,3.4,"1,888",169.5,64.7,67.2,61.1,40.2,4.5,57.3,52.4,60.1,9.4,60.9,29.7,1.3,10.8,5.0,0.6,1.6,0.2,0.7,2.6,6.8,1.6,3.7,1.0,1.4,-,.,,
PUNILLA, VILLA SANTA CRUZ DEL LAGO,750,6.4,11.2,0.9,5.9,"2,472",343.0,64.6,70.6,69.1,43.5,7.2,52.5,50.2,49.5,8.9,60.2,30.9,1.7,13.3,5.9,0.7,1.5,0.4,0.4,4.5,9.7,2.5,5.0,2.4,1.3,-,.,,
PUNILLA, VILLA RIO ICHO CRUZ,577,6.4,32.8,25.3,4.5,"1,921",197.3,65.0,66.3,68.5,37.2,5.6,63.2,48.8,53.8,10.7,60.1,29.2,1.6,10.6,4.5,0.6,2.0,0.2,0.6,2.7,6.7,1.6,3.7,1.2,0.9,-,.,,
RIO CUARTO, ZONA RURAL NO COMPRENDIDA EN MUNICIPIOS O COMUNAS,"3,244",4.2,4.6,0.1,1.2,"9,785",-,68.8,70.0,68.7,42.2,1.3,67.4,54.0,23.5,8.7,64.4,26.9,0.7,8.1,3.7,0.6,1.2,0.2,0.4,2.0,5.1,1.4,2.5,1.1,1.1,-,.,,
RIO CUARTO, ACHIRAS,841,13.1,39.0,2.0,2.5,"2,398",206.9,61.1,62.6,68.3,48.7,6.4,60.9,46.0,34.8,16.1,56.0,27.9,0.6,16.8,6.5,0.9,2.0,0.4,0.5,6.3,11.1,3.9,7.4,3.8,3.1,-,.,,
RIO CUARTO, ADELIA MARIA,"2,569",9.6,11.0,0.4,2.0,"7,739",603.9,62.2,69.5,67.8,38.1,3.8,69.2,46.8,36.3,12.9,57.2,30.0,0.7,8.5,3.0,0.6,1.7,0.2,0.5,2.5,4.6,1.4,3.5,1.4,1.2,-,.,,
RIO CUARTO, ALCIRA,"2,024",13.6,1.5,0.4,1.0,"5,924",690.6,61.6,64.3,68.8,41.2,3.7,69.3,46.9,44.5,16.9,56.8,26.3,0.2,10.3,4.0,0.6,1.9,0.2,0.7,2.9,6.2,1.8,4.1,1.2,1.6,-,.,,
RIO CUARTO, ALPA CORRAL,298,9.7,117.8,3.7,4.4,966,96.5,63.9,66.0,72.0,46.8,1.7,58.7,48.1,35.5,13.5,55.7,30.8,3.0,12.5,5.9,0.4,0.8,0.2,0.5,4.7,9.5,2.4,4.5,1.6,2.3,-,.,,
RIO CUARTO, BERROTARAN,"2,336",11.1,1.5,0.2,1.7,"6,886",965.2,63.2,68.4,70.1,42.1,4.1,67.1,47.4,43.3,14.9,58.2,27.0,0.3,15.1,6.4,1.0,2.0,0.2,0.6,4.9,10.2,2.9,6.0,2.5,1.9,-,.,,
RIO CUARTO, BULNES,329,11.2,10.0,0.0,3.0,"1,051",1978.4,57.6,63.5,70.3,43.0,4.2,64.7,44.0,22.1,16.5,52.0,31.5,0.6,10.6,3.0,0.5,1.7,0.2,1.0,4.2,6.4,2.0,5.2,1.8,2.0,-,.,,
RIO CUARTO, CHAJAN,233,11.6,25.8,0.9,5.6,767,1229.0,62.2,62.7,83.6,40.8,5.7,65.4,45.4,24.1,9.0,56.8,34.2,0.0,13.0,6.3,0.4,1.7,0.1,0.5,4.0,8.7,1.6,5.2,1.6,1.8,-,.,,
RIO CUARTO, CORONEL BAIGORRIA,464,9.1,90.3,3.4,2.2,"1,532",564.7,62.7,61.9,77.6,34.4,4.5,63.4,45.6,29.4,13.1,57.6,29.2,0.3,14.5,6.3,0.7,2.3,0.3,0.7,4.2,9.2,2.2,5.3,2.0,1.5,-,.,,
RIO CUARTO, CORONEL MOLDES,"2,931",10.9,4.5,0.2,2.6,"9,010",661.9,61.9,68.5,73.7,48.2,4.6,66.5,46.3,36.7,14.2,57.0,28.8,0.5,10.9,4.0,0.8,2.2,0.2,0.5,3.1,6.0,1.9,4.7,1.8,1.5,-,.,,
RIO CUARTO, ELENA,"1,024",13.1,4.6,0.6,1.2,"3,007",1211.5,61.8,69.4,74.0,40.6,4.2,75.3,46.9,43.7,16.3,56.9,26.8,0.6,10.5,3.1,0.9,2.4,0.4,0.4,3.3,5.3,2.3,5.3,1.7,1.1,-,.,,
RIO CUARTO, LA CAUTIVA,295,4.4,41.7,2.0,4.4,"1,014",63.8,64.6,59.1,76.5,44.6,4.7,56.6,45.5,21.3,7.9,58.9,33.2,0.3,10.7,4.2,0.4,1.3,0.1,0.9,3.7,6.8,1.5,4.2,1.6,1.7,-,.,,
RIO CUARTO, LAS ACEQUIAS,804,9.5,30.3,13.7,1.7,"2,443",653.7,63.3,63.9,71.3,40.6,5.6,68.5,47.4,30.7,13.8,57.9,28.2,0.3,14.2,6.9,0.7,2.3,0.2,0.4,3.8,10.0,2.0,5.2,1.6,1.5,-,.,,
RIO CUARTO, LAS HIGUERAS,"2,078",5.9,1.4,0.0,2.0,"6,202",569.5,70.2,60.4,78.4,29.8,5.6,74.2,48.5,53.4,8.5,65.5,26.0,1.0,9.2,3.6,0.6,1.7,0.3,0.4,2.5,5.2,1.5,3.6,1.6,1.2,-,.,,
RIO CUARTO, LAS VERTIENTES,245,10.2,8.2,0.4,1.6,766,459.2,65.7,53.7,68.5,33.5,7.5,64.6,47.3,24.9,13.8,58.6,27.5,0.3,12.4,7.4,0.5,1.2,0.0,0.7,2.6,9.3,1.3,3.5,1.3,1.7,-,.,,
RIO CUARTO, MONTE DE LOS GAUCHOS,218,9.6,3641.7,310.1,0.0,694,140.5,62.0,67.7,77.0,29.9,4.6,78.5,44.7,24.8,8.5,56.3,35.2,0.0,9.7,4.2,0.7,1.9,0.0,0.3,2.6,6.1,1.0,3.9,0.7,1.0,-,.,,
RIO CUARTO, RIO CUARTO,"51,876",8.2,0.8,0.0,2.1,"158,298",607.9,64.9,69.4,68.1,34.0,6.2,79.0,48.5,51.4,12.3,60.3,27.4,1.0,11.3,4.9,0.7,1.8,0.3,0.6,3.0,7.1,1.7,4.2,1.5,1.5,0.8,0.7,,
RIO CUARTO, SAMPACHO,"2,741",11.1,4.9,0.0,1.3,"7,846",318.2,62.6,64.6,67.1,46.5,3.1,63.9,48.5,41.4,16.7,57.9,25.4,0.5,12.5,5.0,0.6,2.4,0.2,0.4,3.8,7.8,2.1,5.4,1.7,1.1,-,.,,
RIO CUARTO, SAN BASILIO,"1,102",13.0,14.6,0.3,1.0,"3,225",834.1,61.1,71.2,68.9,41.1,1.6,80.2,46.4,35.0,16.1,56.3,27.6,0.1,10.7,4.1,0.7,2.7,0.4,0.5,2.4,5.6,1.5,4.7,1.5,1.1,-,.,,
RIO CUARTO, SANTA CATALINA,"1,190",8.5,1.0,0.0,2.0,"3,898",624.4,63.2,60.7,78.3,35.2,5.9,70.7,47.2,32.2,10.8,58.2,31.0,0.2,10.9,4.8,0.7,1.8,0.3,0.4,3.0,6.9,1.8,4.3,1.7,1.1,-,.,,
RIO CUARTO, TOSQUITA,132,3.0,366.7,16.7,6.8,414,214.2,65.5,59.8,71.6,33.6,3.6,64.7,49.5,15.6,6.3,60.1,33.6,0.0,10.6,4.8,0.2,1.0,0.5,0.2,3.9,7.7,1.4,3.9,1.9,1.2,-,.,,
RIO CUARTO, VICUÑA MACKENNA,"3,163",7.6,0.1,0.1,3.2,"10,170",516.6,63.3,67.0,72.3,43.5,4.5,63.2,46.5,37.7,10.5,57.4,32.1,0.4,10.7,4.4,0.6,1.6,0.2,0.7,3.1,6.6,1.6,3.9,1.7,1.6,-,.,,
RIO CUARTO, CHUCUL,102,10.8,9.8,0.0,1.0,304,320.5,63.5,59.6,66.1,32.9,8.0,61.5,51.3,25.0,9.2,58.9,31.9,0.0,9.9,2.6,0.3,2.3,1.0,0.3,3.3,5.3,2.0,5.3,3.0,1.3,-,.,,
RIO CUARTO, LA CAROLINA EL POTOSI,54,11.1,5.6,0.0,3.7,165,340.0,65.5,54.6,69.5,36.6,3.3,54.5,49.7,23.2,8.5,58.2,33.3,0.0,17.6,9.7,0.6,0.6,1.2,0.6,4.8,13.9,4.2,4.8,1.8,2.4,-,.,,
RIO CUARTO, LAS ALBAHACAS,119,11.8,7.6,0.0,0.0,342,86.5,62.0,60.4,75.0,35.4,1.5,67.3,50.3,20.3,19.3,57.3,23.4,0.6,19.0,9.1,0.0,2.0,0.3,0.6,7.0,14.6,1.8,7.3,3.2,2.9,-,.,,
RIO CUARTO, LAS PEÑAS SUD,51,9.8,15.7,3.9,2.0,148,16.4,63.5,63.8,75.0,44.4,1.6,65.5,48.0,35.2,11.5,56.8,31.8,5.4,12.8,2.0,2.0,2.7,0.7,1.4,4.1,5.4,4.1,4.7,2.0,1.4,-,.,,
RIO CUARTO, MALENA,97,5.2,13.4,2.1,3.1,368,394.8,59.2,61.5,81.3,50.5,3.6,51.4,41.8,14.3,9.8,53.8,36.4,0.5,4.9,0.8,0.3,1.4,0.3,0.5,1.6,2.2,0.3,2.4,0.5,1.4,-,.,,
RIO CUARTO, SUCO,111,15.3,9.9,0.9,0.0,307,281.4,62.9,60.1,81.9,41.1,3.3,62.9,46.6,25.2,15.3,58.6,26.1,0.7,21.2,10.1,0.0,3.6,0.3,0.0,7.2,16.6,2.3,10.1,2.0,0.3,-,.,,
RIO CUARTO, VILLA EL CHACAY,32,12.5,15.6,3.1,0.0,84,15.7,66.7,62.5,80.0,39.3,5.4,73.8,50.0,50.0,11.9,58.3,29.8,1.2,10.7,6.0,0.0,1.2,0.0,0.0,3.6,9.5,2.4,2.4,0.0,0.0,-,.,,
RIO CUARTO, WASHINGTON,165,5.5,12.1,0.6,4.8,608,516.0,58.6,62.1,82.8,36.1,3.9,54.6,41.3,14.7,8.9,53.3,37.8,0.3,8.4,2.1,0.7,2.1,0.5,1.0,2.0,3.8,2.0,3.6,1.6,1.6,-,.,,
RIO PRIMERO, ZONA RURAL NO COMPRENDIDA EN MUNICIPIOS O COMUNAS,"1,938",5.1,8.8,1.9,4.4,"6,625",-,62.8,58.9,72.9,55.8,2.9,45.5,47.3,13.5,10.4,57.6,32.0,4.0,14.0,6.6,0.5,1.6,0.3,0.6,4.4,9.9,2.2,4.8,2.2,2.0,-,.,,
RIO PRIMERO, LA PARA,"1,089",8.7,17.5,0.6,3.1,"3,489",303.1,63.9,67.2,68.6,52.3,2.7,55.8,45.8,34.0,12.5,58.5,29.0,0.4,13.6,4.6,1.1,2.7,0.4,0.4,4.5,7.9,2.8,6.3,1.9,1.3,-,.,,
RIO PRIMERO, LA PUERTA,668,9.3,15.3,0.4,3.7,"2,185",691.8,63.3,66.8,72.1,44.3,3.4,57.4,46.3,37.3,9.7,57.3,33.0,0.3,10.3,4.4,0.5,1.4,0.2,0.5,3.2,7.1,1.6,3.9,1.3,1.3,-,.,,
RIO PRIMERO, MONTE CRISTO,"2,910",5.1,14.3,0.7,6.1,"10,332",66.4,62.8,65.8,74.3,40.9,5.8,60.6,45.2,38.3,6.8,57.3,35.9,2.6,11.7,4.7,0.7,1.2,0.2,0.7,4.2,7.5,2.3,4.6,2.5,2.8,-,.,,
RIO PRIMERO, OBISPO TREJO,686,8.3,19.1,0.9,7.1,"2,497",771.4,58.8,58.1,75.3,40.9,6.1,48.9,40.8,32.8,9.5,51.5,39.0,0.2,14.9,6.8,0.5,1.8,0.2,0.4,5.2,11.3,3.2,5.3,2.2,2.3,-,.,,
RIO PRIMERO, PIQUILLIN,391,5.9,10.2,0.3,3.8,"1,364",1034.1,65.6,64.0,71.6,36.1,5.0,63.3,46.8,34.7,9.3,60.0,30.7,0.4,10.2,5.6,0.5,1.0,0.1,0.2,2.6,7.6,1.7,3.2,0.7,1.0,-,.,,
RIO PRIMERO, RIO PRIMERO,"2,100",7.9,18.0,0.8,5.4,"7,389",573.4,63.1,64.0,74.7,41.9,6.3,60.2,45.9,42.0,9.5,57.3,33.1,1.4,11.3,4.6,0.5,1.5,0.3,0.6,3.7,7.6,2.5,4.5,2.2,2.2,-,.,,
RIO PRIMERO, SANTA ROSA DE RIO PRIMERO,"2,334",9.4,18.4,0.6,4.1,"7,805",1644.1,61.4,64.7,69.8,48.3,5.1,60.1,44.9,37.3,11.9,55.7,32.4,0.4,12.6,4.5,0.7,2.2,0.4,0.5,4.5,7.8,2.3,5.6,2.4,1.3,-,.,,
RIO PRIMERO, VILLA FONTANA,312,11.2,15.7,1.0,2.6,939,259.0,61.8,76.4,72.2,50.6,3.7,59.9,48.8,33.4,11.6,56.9,31.5,0.5,12.4,5.2,0.4,2.4,0.1,0.7,3.4,8.1,1.9,5.5,1.8,1.4,-,.,,
RIO PRIMERO, ATAHONA,36,0.0,30.6,0.0,8.3,110,14.0,54.5,53.3,84.4,40.7,0.0,60.0,43.6,12.5,11.8,48.2,40.0,0.0,21.8,4.5,0.9,5.5,0.9,0.9,9.1,10.0,6.4,9.1,3.6,6.4,-,.,,
RIO PRIMERO, CAÑADA DE MACHADO,58,10.3,19.0,0.0,0.0,203,487.9,62.1,50.0,76.2,43.8,3.1,45.8,43.3,17.0,13.8,56.7,29.6,0.5,8.9,0.5,1.0,3.9,0.0,2.0,1.5,1.0,1.0,4.9,1.5,2.5,-,.,,
RIO PRIMERO, CAPILLA DE LOS REMEDIOS,250,10.4,14.4,1.2,4.4,809,472.3,60.8,51.4,73.1,54.6,10.0,47.5,41.5,20.2,12.4,54.1,33.5,0.4,23.5,10.0,1.0,1.7,0.5,1.5,8.8,17.7,4.3,8.2,4.3,3.8,-,.,,
RIO PRIMERO, CHALACEA,53,9.4,22.6,0.0,7.5,180,93.0,58.3,63.8,83.6,26.8,5.6,41.1,40.6,11.0,11.1,52.8,36.1,0.0,16.1,11.7,0.0,1.1,0.0,0.6,2.8,14.4,0.6,3.3,0.6,1.1,-,.,,
RIO PRIMERO, COLONIA LAS CUATRO ESQUINAS,30,13.3,20.0,3.3,6.7,115,11.2,55.7,79.7,68.6,51.4,0.0,48.7,41.7,20.8,7.0,51.3,41.7,0.0,12.2,7.0,0.9,0.0,0.9,0.0,3.5,10.4,3.5,0.9,0.9,0.9,-,.,,
RIO PRIMERO, COMECHINGONES,85,8.2,7.1,0.0,7.1,287,237.3,64.5,65.4,78.5,62.1,6.2,39.7,47.7,19.0,8.0,57.8,34.1,0.0,12.9,4.5,0.3,2.4,0.0,0.7,4.9,8.4,1.7,6.3,1.7,1.7,-,.,,
RIO PRIMERO, DIEGO DE ROJAS,146,6.2,21.9,0.0,10.3,509,377.7,58.2,58.1,69.8,50.8,5.0,48.9,41.5,26.5,9.2,50.9,39.9,3.7,12.0,4.7,0.2,1.6,0.6,0.4,4.5,8.4,2.4,5.3,1.8,2.0,-,.,,
RIO PRIMERO, EL CRISPIN,60,6.7,16.7,0.0,3.3,220,360.0,66.4,63.7,69.9,52.3,14.7,44.1,46.4,14.7,7.7,59.5,32.7,0.0,19.5,11.4,0.5,0.9,0.5,0.9,5.5,15.9,2.7,5.5,2.3,2.7,-,.,,
RIO PRIMERO, ESQUINA,89,20.2,10.1,0.0,6.7,273,335.8,51.6,75.2,71.7,35.5,0.9,52.4,40.7,19.8,15.0,47.6,37.4,7.0,19.4,8.4,2.2,1.5,1.1,0.4,5.9,13.9,4.8,5.5,4.0,4.0,-,.,,
RIO PRIMERO, KILOMETRO 658,99,5.1,13.1,0.0,5.1,365,714.2,65.2,60.5,75.0,47.2,7.1,55.9,48.2,21.6,8.2,58.9,32.9,0.0,15.6,5.8,0.5,4.9,0.0,0.3,4.1,9.0,1.4,8.5,1.1,0.8,-,.,,
RIO PRIMERO, LA POSTA,82,9.8,26.8,1.2,13.4,241,179.2,53.5,46.5,81.7,38.8,4.8,53.9,39.4,14.7,15.4,46.5,38.2,0.0,15.4,6.2,0.4,0.0,0.0,1.7,7.1,11.6,2.5,5.8,2.9,3.7,-,.,,
RIO PRIMERO, LA QUINTA,58,1.7,13.8,0.0,8.6,208,13.9,61.1,63.8,74.1,40.0,1.2,51.0,40.4,16.7,6.7,53.4,39.9,0.0,5.8,1.9,0.0,1.0,0.5,0.5,1.9,2.9,0.0,2.9,1.4,0.5,-,.,,
RIO PRIMERO, LAS GRAMILLAS,34,0.0,14.7,0.0,2.9,109,385.6,59.6,70.8,60.9,46.4,2.1,53.2,45.0,28.6,9.2,52.3,38.5,0.0,12.8,5.5,1.8,2.8,0.0,0.9,1.8,7.3,1.8,4.6,0.0,0.9,-,.,,
RIO PRIMERO, LAS SALADAS,49,10.2,14.3,2.0,4.1,134,114.2,59.7,77.5,69.4,65.1,1.6,42.5,44.0,10.2,19.4,55.2,25.4,0.0,17.9,3.7,2.2,2.2,0.7,0.0,9.0,10.4,6.0,8.2,3.7,3.0,-,.,,
RIO PRIMERO, MAQUINISTA GALLINI,24,8.3,25.0,4.2,0.0,69,40.1,66.7,73.9,79.4,44.4,10.5,33.3,56.5,10.3,11.6,62.3,26.1,1.4,11.6,7.2,1.4,2.9,0.0,0.0,0.0,7.2,1.4,2.9,0.0,0.0,-,.,,
RIO PRIMERO, PLAZA DE MERCEDES,23,4.3,8.7,0.0,0.0,67,172.6,67.2,62.2,75.0,38.1,3.4,56.7,50.7,14.7,9.0,65.7,25.4,0.0,20.9,11.9,1.5,0.0,1.5,1.5,4.5,16.4,3.0,3.0,1.5,4.5,-,.,,
RIO PRIMERO, SAGRADA FAMILIA,48,8.3,18.8,0.0,2.1,151,867.0,60.9,59.8,72.7,40.0,1.8,63.6,42.4,28.1,17.2,56.3,26.5,0.0,25.8,10.6,0.0,5.3,0.0,1.3,8.6,18.5,4.6,10.6,0.7,3.3,-,.,,
RIO SECO, ZONA RURAL NO COMPRENDIDA EN MUNICIPIOS O COMUNAS,816,8.2,14.8,2.3,6.0,"2,591",-,59.7,44.8,73.0,50.3,2.7,34.5,46.5,6.6,13.4,54.7,31.8,0.0,21.2,6.4,1.3,2.9,0.5,1.0,9.1,14.2,4.8,9.6,4.3,3.4,-,.,,
RIO SECO, SEBASTIAN ELCANO,684,7.3,23.4,1.2,7.6,"2,481",709.7,61.1,55.8,75.7,52.1,6.6,37.6,42.4,29.1,7.4,53.4,39.2,0.0,12.6,4.8,0.5,1.5,0.2,0.7,5.0,8.9,3.2,5.1,1.9,1.6,-,.,,
RIO SECO, VILLA DE MARIA,"1,382",5.1,21.5,0.5,7.9,"4,911",130.8,60.8,64.4,73.6,42.9,4.0,53.8,43.6,38.8,7.4,53.8,38.8,0.1,11.6,4.6,0.8,1.3,0.3,0.7,3.9,7.8,2.6,4.2,1.8,1.7,-,.,,
RIO SECO, CERRO COLORADO,91,9.9,8.8,3.3,3.3,285,8.0,64.2,61.7,55.8,55.6,2.6,48.4,51.2,36.3,14.7,60.7,24.6,0.0,25.3,10.5,0.7,3.2,0.7,0.4,9.8,17.9,4.2,11.6,4.2,1.8,-,.,,
RIO SECO, CHAÑAR VIEJO,51,2.0,21.6,2.0,7.8,186,29.5,58.6,54.1,76.3,48.9,4.8,52.2,44.6,22.9,10.8,53.8,35.5,1.1,12.4,4.3,0.5,3.2,0.0,0.5,3.8,7.5,2.2,6.5,2.2,1.1,-,.,,
RIO SECO, EUFRACIO LOZA,59,10.2,11.9,5.1,3.4,166,141.4,62.0,53.4,87.3,37.5,6.8,61.4,53.6,5.6,10.8,59.6,29.5,0.0,19.3,8.4,1.2,2.4,0.6,3.6,3.0,11.4,2.4,4.8,0.6,4.2,-,.,,
RIO SECO, GUTEMBERG,177,5.6,26.6,0.6,14.7,691,228.4,55.3,47.4,86.2,59.6,6.7,27.2,36.9,11.0,7.1,48.0,44.9,0.0,30.2,8.0,0.3,2.3,1.4,0.4,17.8,15.5,3.6,7.8,14.8,13.5,-,.,,
RIO SECO, LA RINCONADA,61,8.2,32.8,0.0,11.5,217,263.1,59.9,31.5,65.9,25.9,4.7,19.8,40.6,9.1,6.0,52.1,41.9,0.0,14.7,7.4,0.0,1.8,0.0,0.5,5.1,11.1,3.2,5.5,1.8,2.3,-,.,,
RIO SECO, LOS HOYOS,92,8.7,15.2,0.0,9.8,279,20.1,59.1,40.6,71.6,54.2,4.3,38.4,44.8,12.8,15.1,52.0,33.0,0.0,24.7,11.8,0.7,1.4,0.4,0.7,9.7,20.1,5.4,8.6,3.6,1.8,-,.,,
RIO SECO, PUESTO DE CASTRO,47,6.4,21.3,0.0,17.0,172,121.0,51.7,55.1,79.6,56.4,3.9,16.3,39.5,7.4,6.4,46.5,47.1,0.0,16.3,5.8,1.7,0.6,0.6,0.0,7.6,12.8,5.2,6.4,4.1,1.7,-,.,,
RIO SECO, RAYO CORTADO,212,6.6,18.9,1.9,4.2,691,93.4,60.6,63.5,72.9,49.5,5.7,44.6,44.1,21.3,8.1,55.0,36.9,0.7,19.0,7.5,0.4,2.7,1.2,0.7,6.4,12.6,3.0,7.4,3.2,1.4,-,.,,
RIO SECO, SANTA ELENA,87,5.7,17.2,1.1,5.7,296,76.9,61.1,64.6,74.4,43.7,14.0,41.2,46.6,21.7,12.5,56.8,30.7,0.7,17.9,7.1,1.0,4.7,0.3,0.0,4.7,11.5,3.0,7.8,3.4,1.4,-,.,,
RIO SECO, VILLA CANDELARIA NORTE,87,5.7,24.1,3.4,5.7,276,213.7,61.6,48.2,89.0,32.9,9.9,50.0,47.5,21.4,7.6,58.0,34.4,0.0,20.7,12.7,0.7,2.5,0.0,0.4,4.3,15.6,3.6,5.1,2.2,2.5,-,.,,
RIO SEGUNDO, ZONA RURAL NO COMPRENDIDA EN MUNICIPIOS O COMUNAS,"1,276",3.9,6.3,1.6,2.7,"4,382",-,65.5,68.7,71.6,56.2,1.6,51.5,47.7,18.3,7.2,59.5,33.4,1.5,9.0,3.9,0.8,1.0,0.3,0.8,2.2,5.4,1.6,2.5,1.1,1.6,-,.,,
RIO SEGUNDO, CALCHIN,769,9.8,13.7,0.5,1.3,"2,447",1127.6,63.1,74.2,71.2,40.3,1.7,72.4,47.4,42.5,13.9,58.2,27.9,0.3,10.6,4.9,0.4,2.0,0.1,0.4,2.9,6.5,1.6,4.3,1.3,1.6,-,.,,
RIO SEGUNDO, CALCHIN OESTE,240,5.8,7.9,0.8,1.7,765,792.9,65.2,70.7,67.4,33.6,5.4,72.3,49.5,31.1,11.1,59.6,29.3,0.0,9.7,3.8,0.8,1.3,0.1,0.5,3.1,6.1,2.4,3.5,0.9,1.4,-,.,,
RIO SEGUNDO, CAPILLA DEL CARMEN,102,6.9,11.8,0.0,9.8,342,590.3,57.9,70.7,75.0,23.8,1.4,62.6,43.0,19.0,8.5,54.1,37.4,0.3,9.4,5.6,0.3,0.6,0.3,1.2,1.5,6.7,0.9,1.5,1.2,1.2,-,.,,
RIO SEGUNDO, CARRILOBO,603,13.1,11.6,0.5,1.3,"1,772",875.3,61.1,68.0,68.1,43.1,4.0,66.8,47.2,39.4,16.1,56.7,27.1,0.1,9.3,3.5,0.8,1.3,0.1,0.8,2.7,5.5,2.2,3.3,1.1,2.0,-,.,,
RIO SEGUNDO, COLAZO,532,11.7,12.4,0.4,1.7,"1,634",800.7,63.5,71.5,74.2,35.1,2.9,72.8,43.8,29.9,13.0,56.7,30.3,0.2,12.5,5.9,0.7,1.5,0.4,0.7,3.3,8.5,2.0,4.1,1.2,1.7,-,.,,
RIO SEGUNDO, COSTASACATE,456,9.2,13.4,1.3,3.1,"1,485",1028.5,64.0,57.5,79.1,40.7,7.1,60.0,46.9,31.0,10.5,57.9,31.6,0.3,12.5,4.4,0.6,2.2,0.7,0.3,4.3,7.6,2.0,5.7,3.1,1.7,-,.,,
RIO SEGUNDO, LAGUNA LARGA,"2,380",10.4,13.3,0.3,1.2,"7,487",509.1,65.0,67.9,70.8,44.5,4.3,68.4,49.3,38.6,13.0,60.3,26.7,0.3,12.6,5.2,0.6,2.1,0.2,0.5,4.1,8.1,2.1,5.4,2.1,1.5,-,.,,
RIO SEGUNDO, LAS JUNTURAS,544,9.0,14.7,0.4,2.0,"1,748",1051.7,63.4,68.9,68.5,37.9,2.4,71.1,45.8,32.1,12.7,58.0,29.3,0.1,12.6,5.8,0.8,1.6,0.2,0.3,3.8,9.0,2.7,4.4,1.4,1.5,-,.,,
RIO SEGUNDO, LUQUE,"1,944",9.3,13.0,0.2,1.7,"6,281",1018.9,64.4,72.3,74.7,29.7,2.8,79.3,47.3,37.5,11.1,58.9,30.0,0.1,8.8,3.8,0.5,1.2,0.4,0.7,2.2,5.3,1.3,2.9,1.4,1.4,-,.,,
RIO SEGUNDO, MANFREDI,318,6.3,15.7,0.3,1.6,964,539.9,67.6,67.5,80.2,34.3,6.0,67.5,51.1,30.4,8.3,63.3,28.4,0.1,16.4,7.7,0.8,2.2,0.4,0.3,5.0,11.5,2.1,6.3,2.3,1.5,-,.,,
RIO SEGUNDO, MATORRALES,320,12.5,10.6,0.6,1.9,981,712.4,64.5,68.7,68.5,38.9,1.8,71.5,48.1,33.7,15.1,59.9,25.0,0.1,15.0,5.7,0.4,3.3,0.6,0.3,4.7,9.1,2.7,6.7,3.0,1.4,-,.,,
RIO SEGUNDO, ONCATIVO,"4,438",10.2,15.7,0.5,1.1,"13,295",684.8,65.5,70.9,70.2,40.5,3.2,73.6,50.3,49.0,14.4,60.9,24.7,0.5,11.3,4.6,0.7,1.8,0.3,0.5,3.5,7.1,2.1,4.5,1.7,1.4,-,.,,
RIO SEGUNDO, PILAR,"4,383",6.5,16.5,0.5,3.2,"14,809",535.1,63.3,64.9,73.1,37.9,5.7,64.1,47.3,42.0,9.9,58.1,32.0,0.8,9.5,3.9,0.6,1.5,0.3,0.4,2.9,5.9,1.7,3.6,1.4,1.1,-,.,,
RIO SEGUNDO, POZO DEL MOLLE,"1,896",11.2,13.7,0.4,1.7,"5,718",1559.0,63.6,70.0,69.7,41.7,3.6,70.7,47.6,42.1,13.3,58.5,28.1,0.1,11.0,4.1,0.7,1.8,0.2,0.7,3.4,6.7,2.0,4.5,1.5,1.7,-,.,,
RIO SEGUNDO, RIO SEGUNDO,"5,974",7.2,17.3,0.4,2.9,"20,427",578.7,63.4,62.3,74.8,31.7,7.0,66.7,46.4,40.4,10.4,57.8,31.8,0.6,13.0,5.3,0.8,1.8,0.3,0.6,4.2,8.5,2.6,4.9,2.1,1.7,-,.,,
RIO SEGUNDO, SANTIAGO TEMPLE,863,9.8,15.3,0.3,4.4,"2,787",1299.0,61.6,67.8,70.9,42.3,5.4,62.6,45.8,33.4,11.5,56.6,31.9,0.3,9.0,2.8,0.4,1.9,0.2,0.5,3.3,5.0,1.4,4.6,2.0,2.0,-,.,,
RIO SEGUNDO, VILLA DEL ROSARIO,"4,755",8.5,15.4,0.6,2.3,"15,394",1077.9,63.9,68.5,73.8,35.3,4.5,69.3,46.7,39.8,11.6,58.5,29.9,0.5,10.1,4.2,0.6,1.5,0.3,0.6,2.9,6.3,1.7,3.7,1.4,1.4,-,.,,
RIO SEGUNDO, COLONIA VIDELA,19,5.3,21.1,0.0,15.8,78,75.3,53.8,59.5,76.0,57.9,16.7,35.9,37.2,24.1,2.6,48.7,48.7,0.0,15.4,2.6,0.0,0.0,0.0,2.6,10.3,9.0,3.8,7.7,5.1,5.1,-,.,,
RIO SEGUNDO, IMPIRA,57,14.0,14.0,0.0,1.8,163,337.4,63.8,48.1,80.0,47.5,19.4,34.4,47.2,5.2,16.0,59.5,24.5,0.0,22.7,10.4,0.6,2.5,0.6,0.0,8.6,17.2,3.1,9.2,5.5,0.6,-,.,,
RIO SEGUNDO, LOS CHAÑARITOS,66,3.0,9.1,0.0,0.0,219,203.9,69.9,68.0,68.3,46.5,6.3,59.4,47.5,28.8,8.7,64.8,26.5,0.5,8.2,3.7,0.5,2.7,0.0,0.9,0.5,4.1,0.9,3.2,0.0,0.9,-,.,,
RIO SEGUNDO, RINCON,155,13.5,13.5,0.6,3.9,540,183.6,62.0,60.9,82.8,37.9,4.7,58.1,43.5,14.5,7.8,57.2,35.0,0.4,10.6,5.2,0.2,1.7,0.4,0.7,2.4,6.7,1.5,3.5,1.1,1.3,-,.,,
SAN ALBERTO, ZONA RURAL NO COMPRENDIDA EN MUNICIPIOS O COMUNAS,670,9.0,15.7,1.9,6.7,"2,304",-,61.5,41.6,81.7,58.4,8.1,33.2,44.3,12.1,12.8,55.0,32.2,0.7,15.4,5.3,1.2,2.3,0.2,0.7,5.8,9.6,4.4,6.7,2.7,2.7,-,.,,
SAN ALBERTO, MINA CLAVERO,"2,839",6.9,19.1,1.0,4.9,"9,434",35.9,62.7,62.6,68.1,49.3,6.3,54.2,46.3,50.9,11.4,56.6,32.0,1.2,10.4,4.3,0.6,1.6,0.2,0.6,3.1,6.6,1.8,3.8,1.3,1.6,-,.,,
SAN ALBERTO, NONO,697,8.2,16.2,1.3,3.2,"2,408",9.4,61.6,54.7,66.6,51.1,8.9,49.8,45.6,45.2,13.2,55.4,31.4,1.3,13.9,4.7,0.8,1.7,0.2,0.8,5.7,8.9,3.3,5.8,2.8,2.5,-,.,,
SAN ALBERTO, SAN PEDRO,"1,170",2.9,21.2,0.1,9.7,"4,624",208.3,63.8,58.5,81.2,54.1,8.4,41.1,45.0,23.7,6.3,57.7,35.9,0.4,8.9,3.3,0.4,1.5,0.2,0.9,2.5,5.1,1.5,3.4,1.1,1.7,-,.,,
SAN ALBERTO, VILLA CURA BROCHERO,"1,758",6.8,17.0,0.5,5.8,"6,351",1904.1,62.1,58.7,71.2,52.2,5.5,50.8,45.4,44.1,10.1,56.4,33.5,0.7,10.8,3.9,0.6,1.6,0.3,0.9,3.5,6.6,1.9,4.5,1.6,1.9,-,.,,
SAN ALBERTO, VILLA SARMIENTO (S. A.),"1,414",3.9,21.3,0.1,7.5,"5,264",699.8,63.4,60.0,74.6,52.3,6.5,47.1,46.4,34.2,7.3,57.6,35.0,0.2,12.3,5.1,0.6,1.6,0.4,0.8,3.9,8.0,2.3,4.4,2.1,1.6,-,.,,
SAN ALBERTO, AMBUL,233,11.6,18.0,0.9,5.2,732,6.4,58.5,53.0,77.1,59.4,3.8,42.5,40.0,24.9,16.9,50.7,32.4,0.1,17.8,5.5,0.4,1.9,1.4,1.1,7.5,10.5,4.1,8.2,5.6,4.8,-,.,,
SAN ALBERTO, ARROYO LOS PATOS,166,4.8,13.9,0.0,3.6,634,49.4,62.9,58.1,69.8,63.6,8.3,45.4,48.7,37.9,9.1,57.7,33.1,1.3,14.4,7.6,0.0,0.6,0.0,1.9,4.3,10.6,1.4,3.9,1.4,3.5,-,.,,
SAN ALBERTO, LAS CALLES,173,6.4,15.0,0.6,5.2,700,15.3,58.6,53.7,64.5,62.7,6.8,40.0,42.7,40.5,10.9,52.6,36.6,2.0,12.7,6.4,0.3,1.9,0.1,1.1,2.9,9.1,1.4,3.9,1.3,2.1,-,.,,
SAN ALBERTO, LAS RABONAS,215,6.0,14.9,0.5,6.0,703,23.3,63.2,59.9,70.3,61.5,5.7,32.9,47.1,37.8,11.7,58.0,30.3,1.4,17.6,8.0,1.6,1.4,0.3,0.3,6.1,12.5,4.6,6.0,3.1,2.1,-,.,,
SAN ALBERTO, PANAHOLMA,64,10.9,10.9,3.1,6.3,273,5.8,60.8,39.8,84.8,64.3,15.4,39.9,47.6,31.5,11.0,54.9,34.1,1.8,6.2,2.2,0.0,0.4,0.0,0.7,2.9,4.4,0.7,2.9,2.2,1.8,-,.,,
SAN ALBERTO, SAN LORENZO,256,9.0,13.7,0.8,5.9,"1,045",20.7,60.5,53.8,78.8,51.5,5.6,41.1,44.8,37.6,9.1,54.8,36.1,1.2,6.6,1.6,0.6,1.0,0.4,1.3,1.7,2.7,1.1,2.2,1.4,2.6,-,.,,
SAN ALBERTO, SAN VICENTE,475,4.4,16.4,0.2,12.4,"1,783",17.2,60.9,48.7,83.5,58.3,6.0,37.0,42.8,5.5,8.0,54.1,37.9,1.0,14.1,5.9,0.7,2.0,0.2,0.6,4.8,9.8,2.8,5.6,2.0,2.3,-,.,,
SAN ALBERTO, SAUCE ARRIBA,190,2.6,15.8,1.6,11.6,749,53.3,59.9,47.2,77.8,74.5,16.5,20.7,42.5,11.9,7.7,52.7,39.5,0.7,4.1,0.8,0.3,1.1,0.1,0.1,1.7,2.1,0.8,2.0,0.9,0.4,-,.,,
SAN JAVIER, ZONA RURAL NO COMPRENDIDA EN MUNICIPIOS O COMUNAS,420,5.5,13.8,1.0,6.0,"1,447",-,62.1,53.1,66.9,64.6,5.2,34.3,47.1,29.1,10.6,57.2,32.3,1.2,15.8,6.2,0.6,1.9,0.6,1.1,5.4,10.3,3.1,5.9,2.8,2.2,-,.,,
SAN JAVIER, LA PAZ,"1,091",8.8,16.8,1.2,7.1,"3,580",17.3,59.9,62.7,63.6,63.4,6.0,41.1,44.1,36.5,12.5,54.7,32.8,2.8,14.3,5.6,0.6,1.9,0.3,0.6,5.4,9.9,2.8,6.1,2.4,2.3,-,.,,
SAN JAVIER, SAN JAVIER Y YACANTO,526,8.7,19.4,0.6,4.4,"1,825",28.9,61.9,61.5,65.3,61.2,6.1,43.1,45.8,41.0,10.6,55.7,33.7,1.0,11.9,4.9,1.1,1.3,0.1,0.6,3.9,7.8,2.8,4.3,1.3,1.6,-,.,,
SAN JAVIER, SAN JOSE,708,4.9,22.0,0.6,7.6,"2,591",28.1,63.7,51.8,82.9,64.3,12.0,32.5,45.0,16.9,7.8,57.0,35.2,0.5,19.7,8.2,1.1,2.7,0.2,1.1,6.3,13.4,3.2,7.6,2.9,2.8,-,.,,
SAN JAVIER, VILLA DE LAS ROSAS,"1,325",8.3,16.8,0.7,3.8,"4,116",43.5,62.5,64.4,65.6,53.8,5.2,49.4,48.0,50.6,13.5,57.4,29.1,2.2,15.2,5.8,1.0,2.1,0.3,0.9,5.1,9.7,3.0,6.1,2.5,2.0,-,.,,
SAN JAVIER, VILLA DOLORES,"9,495",7.2,19.9,0.7,3.9,"31,853",284.3,63.6,63.3,72.0,46.8,6.0,55.5,47.5,46.7,11.2,58.2,30.6,1.2,13.6,5.8,0.6,1.8,0.3,0.8,4.3,9.0,2.4,5.2,2.3,2.1,-,.,,
SAN JAVIER, CONLARA,126,7.9,20.6,1.6,14.3,508,9.5,55.7,49.1,79.1,50.0,14.7,29.5,38.6,10.2,8.7,49.8,41.5,0.6,14.0,6.1,0.8,1.4,0.4,1.6,3.7,8.3,3.0,4.1,1.6,3.5,-,.,,
SAN JAVIER, LA POBLACION,132,9.8,9.8,0.8,15.2,535,9.6,62.8,38.4,78.3,64.4,30.3,32.7,45.0,23.2,9.9,55.3,34.8,3.4,16.1,6.0,0.2,0.9,0.0,3.6,5.4,10.1,2.6,4.5,1.7,6.0,-,.,,
SAN JAVIER, LAS TAPIAS,566,5.5,17.1,0.7,9.7,"1,936",44.7,64.9,63.6,79.5,75.4,4.9,34.2,45.1,26.5,7.7,58.3,34.0,1.4,14.0,6.3,0.6,1.4,0.4,0.8,4.6,10.2,2.4,4.6,2.3,2.3,-,.,,
SAN JAVIER, LOS CERRILLOS,589,4.6,21.4,0.3,9.7,"2,306",26.5,59.1,58.8,85.9,64.7,6.0,23.7,39.5,8.1,5.5,52.4,42.2,0.5,12.4,4.1,0.7,1.7,0.3,1.3,4.3,7.6,2.2,5.2,1.5,2.8,-,.,,
SAN JAVIER, LOS HORNILLOS,413,9.0,14.3,1.9,2.4,"1,228",116.3,62.0,63.5,60.5,58.2,7.6,45.8,48.4,49.7,12.8,57.3,29.9,2.3,14.8,7.2,1.1,1.7,0.2,0.2,4.4,10.4,3.1,5.0,2.2,1.5,-,.,,
SAN JAVIER, LUYABA,464,7.1,17.9,0.9,9.1,"1,595",8.1,60.2,48.8,69.0,74.9,10.0,32.8,43.6,25.0,10.5,55.1,34.4,1.5,17.4,7.2,1.0,1.8,0.3,1.0,6.1,12.5,3.4,6.1,2.2,2.3,-,.,,
SAN JUSTO, ZONA RURAL NO COMPRENDIDA EN MUNICIPIOS O COMUNAS,"3,947",2.1,5.8,1.7,3.8,"15,248",-,64.1,75.8,84.8,67.0,1.2,49.8,45.4,14.5,4.2,58.5,37.3,0.3,6.0,3.0,0.2,0.7,0.5,0.6,1.1,3.7,0.6,1.4,0.9,1.0,-,.,,
SAN JUSTO, ALICIA,"1,131",14.9,11.9,0.5,2.6,"3,318",754.0,59.4,71.5,69.4,45.4,2.6,68.0,45.3,39.3,17.4,54.2,28.4,0.2,9.8,4.1,0.7,1.7,0.2,0.6,2.5,5.8,1.6,3.7,1.2,1.3,-,.,,
SAN JUSTO, ALTOS DE CHIPION,602,13.3,10.8,0.5,1.3,"1,793",257.1,60.3,75.2,75.6,45.7,1.3,70.3,44.8,36.5,14.5,54.2,31.3,0.1,12.7,6.7,0.6,1.2,0.1,0.5,3.7,9.5,2.1,3.7,1.7,1.7,-,.,,
SAN JUSTO, ARROYITO,"7,166",6.8,15.4,0.5,2.5,"22,726",1095.6,65.3,71.3,75.0,33.0,4.1,72.2,48.9,42.5,9.3,60.1,30.7,0.4,10.6,4.3,0.5,1.6,0.3,0.8,3.1,6.5,1.5,4.0,1.7,1.8,-,.,,
SAN JUSTO, BALNEARIA,"2,017",12.0,16.1,0.5,2.3,"6,171",871.4,61.4,68.5,71.1,44.7,4.4,65.2,45.9,42.9,13.4,56.5,30.1,0.2,11.7,4.5,0.8,1.9,0.2,0.8,3.4,7.0,2.2,4.4,1.5,1.7,-,.,,
SAN JUSTO, BRINKMANN,"3,042",7.8,14.7,0.6,3.6,"9,963",584.9,62.0,71.6,76.6,43.6,4.2,75.9,45.7,37.9,10.7,56.8,32.5,0.3,8.3,3.3,0.7,1.4,0.2,0.7,2.0,4.6,1.5,2.9,0.9,1.3,-,.,,
SAN JUSTO, COLONIA MARINA,401,13.0,15.5,0.2,1.0,"1,153",1075.2,61.3,65.5,73.4,49.4,2.1,72.9,47.4,35.0,16.7,56.3,27.0,0.1,10.3,3.8,1.3,1.7,0.3,0.6,2.5,5.4,2.1,3.6,1.4,1.7,-,.,,
SAN JUSTO, COLONIA PROSPERIDAD,118,7.6,14.4,0.8,1.7,377,264.7,62.9,69.6,78.8,62.3,2.4,64.7,47.5,26.8,11.7,58.9,29.4,0.3,5.3,2.1,0.5,0.5,0.3,1.3,0.5,2.4,1.1,0.8,0.3,1.3,-,.,,
SAN JUSTO, COLONIA SAN BARTOLOME,365,8.2,15.3,0.5,5.5,"1,291",1017.7,62.7,71.9,76.3,43.9,2.0,62.7,45.1,31.3,13.9,57.1,29.0,0.2,12.1,5.3,0.8,1.5,0.3,0.8,3.4,7.7,2.1,4.2,1.2,1.8,-,.,,
SAN JUSTO, COLONIA VIGNAUD,181,6.6,9.9,2.2,0.6,727,429.2,62.2,64.8,79.2,35.8,2.0,80.7,37.1,40.4,9.4,47.5,43.2,0.0,4.1,1.2,0.4,0.8,0.1,0.3,1.2,1.9,1.0,1.9,0.6,0.6,-,.,,
SAN JUSTO, DEVOTO,"2,037",12.4,13.5,0.2,1.9,"6,133",1261.9,62.9,72.6,77.5,42.1,2.3,77.4,47.0,45.2,14.5,57.4,28.1,0.5,9.7,3.5,0.6,1.8,0.1,0.8,2.9,5.3,1.6,4.2,1.5,1.6,-,.,,
SAN JUSTO, EL ARAÑADO,554,11.2,13.2,0.5,3.1,"1,776",971.9,62.6,64.8,75.1,42.7,1.2,64.5,45.4,38.0,12.9,57.9,29.2,0.1,11.9,5.1,0.5,2.2,0.2,0.8,3.2,7.5,1.8,4.3,1.2,2.0,-,.,,
SAN JUSTO, EL FORTIN,473,11.0,11.6,0.0,0.8,"1,648",1218.9,59.9,59.1,73.6,46.6,3.2,60.3,42.1,32.1,13.3,52.1,34.6,0.1,9.8,4.9,0.4,1.6,0.1,0.4,2.5,7.0,1.2,3.6,1.2,1.0,-,.,,
SAN JUSTO, EL TIO,623,10.8,15.4,0.5,2.1,"1,920",312.4,62.1,72.1,75.9,32.3,5.0,71.0,46.3,39.8,12.7,56.7,30.7,0.1,13.7,5.8,0.4,1.7,0.1,0.7,4.9,9.0,2.3,5.6,2.3,2.2,-,.,,
SAN JUSTO, FREYRE,"2,297",11.8,11.1,0.3,2.0,"6,922",408.4,63.1,68.5,77.2,35.8,4.7,76.6,48.1,40.0,14.2,58.4,27.4,0.3,9.4,3.4,0.6,1.7,0.2,0.6,2.9,5.4,1.6,3.9,1.6,1.8,-,.,,
SAN JUSTO, LA FRANCIA,"1,253",9.9,16.7,0.7,1.0,"3,804",393.9,63.5,68.5,73.5,38.6,3.6,71.5,47.6,40.9,14.9,58.4,26.7,0.3,13.1,5.3,0.7,2.5,0.2,0.8,3.6,7.8,2.3,5.0,1.6,1.9,-,.,,
SAN JUSTO, LA PAQUITA,298,9.1,16.1,0.3,2.7,964,687.6,66.2,69.4,75.8,52.7,3.5,67.6,47.0,33.3,10.4,59.5,30.1,0.2,11.6,4.7,0.7,1.0,0.1,0.8,4.3,8.1,2.0,4.3,1.6,1.7,-,.,,
SAN JUSTO, LA TORDILLA,410,11.5,13.4,0.5,3.9,"1,257",1220.1,60.5,72.3,69.6,45.4,1.1,71.1,45.6,33.9,14.7,55.8,29.4,0.1,12.0,4.5,0.6,1.6,0.2,1.0,4.1,7.3,2.1,4.6,2.0,2.5,-,.,,
SAN JUSTO, LAS VARAS,460,13.0,10.2,0.7,2.0,"1,320",913.7,61.0,74.0,75.3,42.1,2.1,70.0,45.7,33.7,15.0,56.1,28.9,0.4,6.6,2.0,0.6,1.2,0.4,0.3,2.0,3.3,1.3,2.8,1.4,0.9,-,.,,
SAN JUSTO, LAS VARILLAS,"5,548",10.3,14.8,0.4,1.9,"16,316",498.8,64.0,70.1,70.7,34.7,3.6,74.7,48.1,48.4,13.3,59.1,27.7,0.4,11.2,4.8,0.7,1.7,0.2,0.6,3.1,7.0,1.9,4.0,1.4,1.4,-,.,,
SAN JUSTO, MARULL,590,12.4,14.2,0.3,2.9,"1,799",1046.9,63.8,74.7,73.0,45.7,2.7,64.3,46.4,36.2,16.0,58.0,26.0,0.3,12.2,4.2,0.8,2.4,0.4,0.4,4.0,6.7,2.3,5.5,2.0,2.3,-,.,,
SAN JUSTO, MIRAMAR,761,15.8,15.5,0.4,1.2,"2,212",278.2,62.3,70.1,71.4,44.2,2.6,68.9,47.6,39.4,15.5,57.5,26.9,2.0,12.0,5.9,0.6,1.3,0.3,0.5,3.5,8.7,2.1,3.9,1.8,1.5,-,.,,
SAN JUSTO, MORTEROS,"5,653",10.4,14.2,0.7,2.6,"17,124",349.6,62.5,73.0,74.7,43.0,3.6,71.4,47.4,38.4,13.3,57.6,29.1,0.2,9.6,3.5,0.8,2.0,0.3,0.5,2.6,5.2,1.9,4.0,1.3,1.3,-,.,,
SAN JUSTO, PORTEÑA,"1,796",11.6,12.4,0.7,1.8,"5,439",294.8,61.1,74.0,75.1,43.1,2.0,74.7,45.5,42.3,14.8,56.2,29.0,0.2,6.8,2.1,0.6,1.8,0.1,0.5,1.6,3.3,1.3,3.1,0.8,1.0,-,.,,
SAN JUSTO, QUEBRACHO HERRADO,118,11.9,10.2,1.7,0.8,388,445.4,62.9,72.1,85.2,48.0,1.7,70.6,46.4,21.7,11.3,55.9,32.7,0.3,14.4,6.4,0.8,3.9,0.3,0.3,2.8,8.2,1.3,6.7,1.5,0.8,-,.,,
SAN JUSTO, SACANTA,"1,033",11.8,13.9,0.2,1.9,"3,134",1192.2,62.3,70.1,71.9,44.4,2.8,72.8,45.7,41.2,15.3,57.5,27.1,0.5,8.0,3.0,0.6,1.5,0.2,0.5,2.3,4.4,1.6,3.2,1.2,1.2,-,.,,
SAN JUSTO, SAN FRANCISCO,"21,019",10.5,12.9,0.7,1.2,"62,211",731.7,63.5,75.5,70.5,31.9,3.7,77.5,49.2,57.7,14.3,59.0,26.8,0.5,11.5,5.2,0.7,1.7,0.2,0.6,3.1,7.3,1.9,4.2,1.5,1.3,-,.,,
SAN JUSTO, SATURNINO MARIA LASPIUR,820,13.3,13.3,0.6,3.0,"2,496",1395.4,58.4,63.6,72.6,47.0,4.5,62.5,43.4,37.3,17.0,53.6,29.4,0.2,9.6,4.1,0.4,2.0,0.2,0.7,2.3,5.8,1.0,3.8,1.0,1.1,-,.,,
SAN JUSTO, SEEBER,204,11.3,9.8,0.0,4.9,620,164.4,60.5,66.7,78.0,57.4,0.4,68.4,43.7,20.7,12.7,55.3,31.9,0.0,14.7,4.0,0.5,3.5,0.6,1.9,4.0,6.6,1.5,6.6,1.5,3.5,-,.,,
SAN JUSTO, TRANSITO,"1,047",10.4,16.2,0.9,2.6,"3,185",852.4,61.4,65.6,72.5,45.9,6.1,61.7,46.0,30.9,10.9,56.5,32.7,0.2,13.8,5.6,0.9,1.9,0.4,0.9,4.1,8.5,2.6,4.9,2.2,1.9,-,.,,
SAN JUSTO, VILLA CONCEPCION DEL TIO,574,11.7,12.7,0.9,6.8,"1,886",243.7,59.7,73.0,74.9,47.9,3.2,54.8,43.6,26.3,10.8,53.9,35.4,1.3,15.1,5.9,0.8,1.6,0.4,1.7,4.6,9.1,2.6,5.0,2.3,3.4,-,.,,
SAN JUSTO, COLONIA ANITA,4,0.0,0.0,0.0,0.0,8,18.2,75.0,66.7,100.0,25.0,0.0,87.5,62.5,40.0,12.5,75.0,12.5,0.0,0.0,0.0,0.0,0.0,0.0,0.0,0.0,0.0,0.0,0.0,0.0,0.0,-,.,,
SAN JUSTO, COLONIA ITURRASPE,3,0.0,0.0,0.0,0.0,6,94.9,83.3,100.0,60.0,66.7,0.0,66.7,83.3,20.0,16.7,83.3,0.0,0.0,0.0,0.0,0.0,0.0,0.0,0.0,0.0,0.0,0.0,0.0,0.0,0.0,-,.,,
SAN JUSTO, COLONIA LAS PICHANAS,49,4.1,8.2,2.0,4.1,181,8.1,60.2,70.6,81.8,41.3,4.9,65.2,44.2,26.3,5.0,55.8,39.2,0.0,3.9,1.1,0.6,0.6,0.6,0.0,1.1,2.2,1.7,1.1,1.1,0.0,-,.,,
SAN JUSTO, COLONIA SAN PEDRO,34,0.0,2.9,5.9,0.0,151,120.2,63.6,68.8,74.2,73.5,9.6,61.6,45.0,19.1,5.3,58.9,35.8,0.0,2.0,0.0,0.0,1.3,0.0,0.0,0.7,0.0,0.0,2.0,0.7,0.7,-,.,,
SAN JUSTO, COLONIA VALTELINA,62,9.7,4.8,0.0,0.0,190,981.3,62.1,60.2,69.0,36.7,1.4,73.2,43.2,31.7,10.0,55.3,34.7,0.0,10.5,8.4,0.5,1.1,0.0,0.0,0.5,8.9,0.5,1.6,0.0,0.0,-,.,,
SAN JUSTO, PLAZA LUXARDO,63,4.8,12.7,6.3,1.6,195,23.4,65.1,60.6,84.4,70.8,1.3,65.6,51.3,17.0,11.8,60.5,27.7,2.6,6.7,3.6,0.5,0.0,0.0,1.0,1.5,4.1,1.0,1.5,1.5,2.6,-,.,,
SAN JUSTO, TORO PUJIO,57,8.8,7.0,3.5,3.5,173,645.3,67.6,70.1,82.9,50.0,1.2,65.9,47.4,36.6,12.7,64.2,23.1,0.0,10.4,2.3,1.2,2.9,0.0,0.6,3.5,5.2,1.7,4.6,1.7,0.6,-,.,,
SAN JUSTO, VILLA SAN ESTEBAN,22,4.5,9.1,0.0,0.0,82,350.1,61.0,62.0,100.0,19.4,3.1,75.6,47.6,15.4,6.1,54.9,39.0,0.0,12.2,3.7,1.2,1.2,0.0,1.2,4.9,8.5,3.7,4.9,2.4,4.9,-,.,,
SANTA MARIA, ZONA RURAL NO COMPRENDIDA EN MUNICIPIOS O COMUNAS,710,6.1,12.4,1.0,6.3,"5,221",-,79.4,21.3,74.5,49.0,4.2,29.7,57.1,18.7,7.7,76.4,15.9,1.9,5.3,2.3,0.4,0.7,0.1,0.3,1.6,3.6,1.1,1.8,0.8,0.7,-,.,,
SANTA MARIA, ALTA GRACIA,"14,661",7.3,19.1,0.5,4.1,"48,506",315.7,63.8,64.6,75.8,37.8,7.8,63.8,47.2,51.0,10.7,58.7,30.5,1.1,12.9,5.6,0.7,1.7,0.3,0.6,4.0,8.7,2.3,4.7,2.0,1.7,-,.,,
SANTA MARIA, DESPEÑADEROS,"1,846",9.3,19.2,0.5,3.7,"5,988",83.9,62.1,64.6,74.2,44.0,5.8,60.3,45.0,41.5,12.0,56.7,31.3,0.5,10.9,4.2,0.7,1.5,0.3,0.6,3.6,6.8,2.1,4.2,1.7,1.6,-,.,,
SANTA MARIA, LOZADA,318,9.1,10.4,0.3,1.6,"1,041",544.6,62.2,62.3,70.0,35.0,5.4,57.7,48.0,24.6,10.8,58.0,31.2,0.1,10.2,4.3,0.4,1.2,0.5,0.5,3.3,6.7,1.2,3.8,2.2,1.5,-,.,,
SANTA MARIA, MALAGUEÑO,"3,617",5.7,17.1,0.6,4.7,"13,102",54.9,63.8,62.6,80.9,30.9,8.5,68.2,46.5,40.6,9.0,58.1,32.9,0.9,12.1,5.2,0.7,1.7,0.3,0.6,3.7,7.9,2.4,4.4,1.7,1.6,-,.,,
SANTA MARIA, MONTE RALO,182,9.9,12.1,0.0,1.1,535,47.0,61.9,54.4,76.7,27.5,2.7,55.9,49.5,26.8,11.2,58.7,30.1,0.6,14.8,6.0,0.6,2.2,0.2,0.9,4.9,9.0,2.4,6.0,2.6,2.8,-,.,,
SANTA MARIA, TOLEDO,"1,044",4.7,16.7,0.3,6.6,"4,107",1113.2,63.0,57.0,80.4,27.8,7.7,61.1,41.4,32.0,6.3,54.7,39.0,0.6,12.9,6.0,0.6,1.0,0.3,0.6,4.4,9.3,2.7,4.2,1.9,1.7,-,.,,
SANTA MARIA, ANISACATE,"1,010",6.8,14.9,1.0,3.6,"3,350",140.1,61.6,66.6,67.5,38.5,6.0,61.5,47.3,51.2,11.1,57.0,31.9,2.2,10.7,5.1,0.9,1.3,0.2,0.4,2.8,7.2,2.0,3.4,1.3,1.1,-,.,,
SANTA MARIA, BOUWER,473,3.6,10.6,0.6,7.2,"1,786",60.7,64.2,60.7,77.7,46.4,6.3,48.9,44.1,29.7,7.0,57.4,35.6,4.4,7.6,3.2,0.6,1.3,0.1,0.3,2.1,4.5,1.2,2.9,1.0,1.0,-,.,,
SANTA MARIA, DIQUE CHICO,76,5.3,18.4,0.0,2.6,259,5.4,66.8,65.3,77.0,36.8,5.8,54.8,44.4,49.6,7.3,59.5,33.2,1.2,6.9,2.7,0.8,0.8,0.0,0.8,1.9,3.5,1.5,2.3,1.2,1.2,-,.,,
SANTA MARIA, FALDA DEL CARMEN,189,6.9,9.0,0.5,5.8,610,6.3,61.5,67.7,68.5,46.0,3.8,55.4,46.2,37.9,9.7,57.2,33.1,3.4,10.0,4.8,0.8,1.0,0.2,0.8,2.5,6.7,1.6,3.0,1.8,1.5,-,.,,
SANTA MARIA, LA PAISANITA,52,9.6,21.2,3.8,7.7,155,4.4,61.9,63.5,75.4,39.1,14.1,41.9,45.2,30.0,12.3,57.4,30.3,5.2,24.5,12.9,1.3,1.9,0.0,0.0,8.4,20.0,6.5,8.4,1.3,0.0,-,.,,
SANTA MARIA, LA RANCHERITA,40,7.5,5.0,2.5,7.5,129,44.7,60.5,74.4,51.7,26.7,9.4,71.3,45.7,54.2,10.1,55.0,34.9,1.6,7.0,1.6,1.6,2.3,0.0,0.0,1.6,2.3,1.6,3.9,1.6,0.0,-,.,,
SANTA MARIA, LA SERRANITA,137,11.7,12.4,3.6,3.6,436,79.7,65.1,63.7,71.8,34.6,3.7,72.5,53.0,60.6,20.2,61.7,18.1,4.8,10.6,4.4,1.4,1.6,0.0,0.2,3.0,6.2,2.1,3.9,1.4,0.9,-,.,,
SANTA MARIA, LOS CEDROS,289,3.8,15.9,0.3,6.9,"1,092",672.8,61.5,64.1,72.6,38.3,9.3,48.4,43.5,27.2,4.4,54.9,40.8,1.6,9.7,4.7,0.1,0.8,0.5,0.5,3.2,7.3,1.9,2.2,1.6,1.2,-,.,,
SANTA MARIA, POTRERO DE GARAY,408,4.9,11.0,3.4,6.1,"1,323",12.2,65.6,70.4,68.2,52.0,2.6,51.0,51.6,44.8,8.5,62.1,29.4,3.2,12.7,5.6,1.0,1.2,0.3,0.8,3.8,8.4,3.0,4.0,1.9,1.7,-,.,,
SANTA MARIA, RAFAEL GARCIA,169,5.9,12.4,1.2,5.3,565,592.6,64.8,54.4,76.4,31.6,8.7,60.2,45.3,27.3,9.7,57.7,32.6,0.5,11.7,3.0,0.9,2.8,0.2,1.1,3.7,4.8,1.9,5.7,2.1,2.3,-,.,,
SANTA MARIA, SAN CLEMENTE,65,6.2,10.8,4.6,9.2,240,4.4,71.3,69.0,71.2,41.7,0.0,41.3,55.0,31.1,6.7,67.1,26.3,1.3,11.3,7.5,0.4,0.8,0.0,0.4,2.1,9.2,0.8,2.5,0.4,0.4,-,.,,
SANTA MARIA, VALLE DE ANISACATE,170,6.5,13.5,0.6,5.3,487,294.7,67.6,65.7,56.5,21.3,8.9,64.5,53.6,57.9,6.6,62.0,31.4,1.6,7.0,1.8,0.2,1.4,0.2,0.2,3.1,3.7,1.2,3.3,2.1,1.6,-,.,,
SANTA MARIA, VILLA CIUDAD DE AMERICA,237,7.6,10.1,2.1,7.2,762,10.3,63.5,67.8,72.6,49.2,7.3,45.1,47.0,33.8,7.7,58.3,34.0,1.7,13.8,6.8,0.3,0.9,0.4,0.9,4.3,9.7,2.2,4.6,1.7,2.0,-,.,,
SANTA MARIA, VILLA DEL PRADO,556,4.7,16.7,0.4,9.9,"2,011",229.9,62.1,59.4,78.8,48.1,9.0,43.6,42.6,26.9,4.3,54.5,41.2,0.4,18.0,7.5,1.1,1.7,0.4,1.8,5.3,11.4,3.2,5.5,2.8,3.6,-,.,,
SANTA MARIA, VILLA LA BOLSA,329,5.2,13.1,0.6,0.6,995,338.0,65.5,68.4,65.7,24.6,5.9,71.2,50.5,71.5,13.9,60.0,26.1,1.9,9.7,4.3,0.5,1.2,0.3,0.3,3.1,6.8,1.7,3.2,1.7,0.3,-,.,,
SANTA MARIA, VILLA LOS AROMOS,397,6.0,10.1,1.8,2.0,"1,378",334.2,66.4,66.4,70.9,29.7,4.1,76.7,52.6,72.3,13.2,62.0,24.7,2.6,8.1,3.3,0.3,1.4,0.2,0.4,2.6,4.9,1.0,3.5,1.4,1.0,-,.,,
SANTA MARIA, VILLA PARQUE SANTA ANA,771,4.9,15.3,0.4,7.8,"2,861",74.9,63.3,64.6,74.7,36.7,8.7,57.7,46.8,43.5,5.3,57.5,37.2,1.1,8.3,3.3,0.3,1.6,0.3,0.8,2.0,4.7,1.0,3.0,1.3,1.4,-,.,,
SANTA MARIA, VILLA SAN ISIDRO,398,9.8,15.6,0.5,2.5,"1,249",14.2,62.5,56.6,71.7,32.5,5.2,62.3,46.6,46.9,13.9,56.8,29.3,1.9,11.0,3.8,0.7,2.2,0.2,0.2,3.9,6.0,2.2,5.2,2.5,1.0,-,.,,
SOBREMONTE, ZONA RURAL NO COMPRENDIDA EN MUNICIPIOS O COMUNAS,216,6.5,13.9,4.2,4.6,798,-,60.7,44.8,83.9,51.1,5.7,48.5,47.7,12.3,16.4,55.1,28.4,0.4,17.4,5.5,0.8,2.1,0.4,0.9,7.8,11.5,4.6,8.3,3.5,2.9,-,.,,
SOBREMONTE, SAN FRANCISCO DEL CHAÑAR,713,6.7,22.0,0.6,6.6,"2,506",18.3,62.3,60.1,82.4,31.8,7.8,53.4,44.3,36.8,7.7,55.0,37.2,0.1,12.2,4.8,0.4,1.6,0.2,0.6,4.6,8.2,2.6,5.1,1.9,2.1,-,.,,
SOBREMONTE, CAMINIAGA,118,7.6,25.4,1.7,3.4,362,15.5,56.4,58.8,82.5,34.3,5.5,56.6,42.5,26.6,16.9,50.3,32.9,0.0,25.7,9.9,0.3,2.5,0.0,0.8,12.2,19.9,5.2,12.2,4.7,2.8,-,.,,
SOBREMONTE, CHUÑA HUASI,121,8.3,19.8,1.7,5.0,457,95.3,60.6,37.2,92.2,42.1,14.9,41.1,40.7,16.7,12.0,53.2,34.8,0.0,13.8,4.8,0.9,2.8,0.2,0.7,4.4,9.0,2.2,6.1,2.0,2.0,-,.,,
SOBREMONTE, POZO NUEVO,143,4.9,16.1,2.1,11.2,468,148.1,59.2,46.6,88.4,42.1,7.9,46.2,45.3,11.8,10.7,54.7,34.6,0.0,21.2,8.8,1.5,2.6,0.9,1.9,5.6,13.0,4.5,6.8,3.4,3.8,-,.,,
TERCERO ARRIBA, ZONA RURAL NO COMPRENDIDA EN MUNICIPIOS O COMUNAS,"1,098",4.5,3.9,1.5,1.4,"4,398",-,66.5,53.7,72.7,44.6,1.2,58.2,51.9,20.7,11.1,61.1,27.8,0.8,6.3,3.5,0.3,0.8,0.2,0.4,1.2,4.3,0.8,1.6,0.7,0.8,-,.,,
TERCERO ARRIBA, ALMAFUERTE,"3,718",8.8,14.9,0.5,1.8,"11,845",137.9,63.0,67.6,72.3,39.1,5.0,69.7,47.4,47.6,11.9,57.9,30.2,1.5,10.7,4.3,0.8,1.5,0.2,0.7,3.3,6.6,2.0,4.0,1.5,1.5,-,.,,
TERCERO ARRIBA, COLONIA ALMADA,180,11.1,12.2,0.6,1.7,541,543.6,63.6,75.3,75.7,36.7,3.0,72.3,48.4,32.8,14.0,57.3,28.7,0.2,16.1,7.9,0.4,1.7,0.2,0.7,5.2,12.2,3.3,5.2,0.9,2.0,-,.,,
TERCERO ARRIBA, CORRALITO,548,10.4,15.9,0.0,3.3,"1,757",193.2,64.5,58.4,71.8,38.1,7.9,67.8,45.8,38.3,12.1,58.7,29.1,0.1,15.0,7.4,0.8,1.3,0.2,1.2,4.0,10.7,2.5,4.0,1.0,2.4,-,.,,
TERCERO ARRIBA, DALMACIO VELEZ,493,8.1,12.6,1.0,1.6,"1,565",717.6,62.9,68.3,79.0,25.4,3.3,75.7,46.3,30.8,11.7,58.4,29.9,1.3,12.5,5.8,0.6,2.1,0.4,0.5,3.1,8.1,1.7,4.7,1.5,1.3,-,.,,
TERCERO ARRIBA, HERNANDO,"3,656",13.0,14.2,0.4,1.1,"10,284",857.6,61.0,71.7,68.5,40.4,3.5,72.7,46.8,45.2,17.3,56.3,26.4,0.5,13.1,5.6,0.6,2.1,0.3,0.8,3.6,8.1,2.2,4.9,1.8,1.6,-,.,,
TERCERO ARRIBA, JAMES CRAIK,"1,649",11.1,14.6,0.4,3.3,"5,250",984.3,61.5,66.8,76.0,33.8,3.0,73.3,45.9,39.0,13.6,56.3,30.1,0.6,11.8,4.5,0.9,1.8,0.2,1.0,3.4,7.1,2.2,4.2,1.8,1.9,-,.,,
TERCERO ARRIBA, LAS PERDICES,"1,626",10.6,12.7,0.6,2.3,"5,144",1195.0,61.1,68.9,73.4,38.3,5.2,68.3,46.5,35.6,13.3,56.5,30.3,0.6,9.7,3.6,0.6,1.7,0.2,0.6,3.0,5.6,1.7,3.8,1.7,1.7,-,.,,
TERCERO ARRIBA, LOS ZORROS,172,12.8,17.4,1.2,2.9,512,255.2,62.5,75.3,73.4,28.2,2.0,72.7,47.3,38.8,13.9,55.9,30.3,0.2,8.6,2.0,0.8,2.0,0.0,1.0,2.9,3.3,1.4,4.9,1.4,1.6,-,.,,
TERCERO ARRIBA, OLIVA,"3,931",10.8,17.3,0.4,1.3,"11,809",840.1,62.0,68.1,71.5,36.0,5.3,75.2,47.5,51.2,14.6,57.2,28.2,0.4,13.2,6.1,0.8,1.7,0.3,0.5,3.8,9.2,2.3,4.6,1.8,1.2,-,.,,
TERCERO ARRIBA, PAMPAYASTA SUD,442,13.6,14.7,0.2,2.7,"1,212",141.6,60.1,71.1,75.1,39.8,2.1,58.7,45.2,32.1,18.8,55.0,26.2,0.1,14.3,5.4,0.8,2.4,0.3,0.7,4.7,8.9,2.6,6.3,3.1,2.7,-,.,,
TERCERO ARRIBA, RIO TERCERO,"15,692",9.0,15.4,0.7,1.7,"46,800",165.6,64.0,68.3,72.1,35.2,5.4,72.2,48.9,51.1,12.7,59.2,28.1,0.8,12.6,5.3,0.9,1.8,0.3,0.7,3.6,7.9,2.5,4.5,1.8,1.8,-,.,,
TERCERO ARRIBA, TANCACHA,"1,823",12.7,14.5,0.3,1.6,"5,309",1202.6,62.0,64.3,75.9,35.2,6.2,71.1,46.4,42.8,15.4,57.0,27.6,0.7,11.3,3.8,0.7,2.2,0.2,0.5,3.8,6.5,2.1,5.1,1.6,1.6,-,.,,
TERCERO ARRIBA, VILLA ASCASUBI,789,11.5,11.8,0.4,2.0,"2,355",91.6,62.8,68.2,68.6,44.5,3.2,63.1,47.5,36.1,15.5,58.0,26.5,0.2,15.2,5.8,0.8,2.5,0.3,0.9,4.8,9.5,3.1,5.8,2.3,2.4,-,.,,
TERCERO ARRIBA, GENERAL FOTHERINGHAM,90,8.9,11.1,0.0,3.3,313,272.0,62.9,66.5,82.4,18.5,4.4,76.7,48.2,31.1,13.4,57.2,29.4,1.9,8.6,2.2,0.6,1.6,0.0,1.9,2.2,3.8,1.0,3.5,0.3,3.2,-,.,,
TERCERO ARRIBA, LAS ISLETILLAS,66,7.6,12.1,0.0,4.5,190,334.2,61.6,86.3,68.3,20.3,1.0,78.9,52.1,20.2,14.2,58.9,26.8,0.5,18.9,11.6,0.5,3.7,0.0,0.5,2.6,13.2,1.1,5.3,1.6,1.6,-,.,,
TERCERO ARRIBA, PAMPAYASTA NORTE,30,0.0,13.3,0.0,3.3,95,101.8,68.4,61.5,62.5,48.0,4.8,55.8,51.6,51.0,5.3,63.2,31.6,0.0,15.8,10.5,1.1,1.1,0.0,1.1,2.1,12.6,1.1,3.2,1.1,1.1,-,.,,
TERCERO ARRIBA, PUNTA DEL AGUA,55,18.2,10.9,0.0,7.3,175,112.3,56.0,63.3,91.9,45.6,7.5,48.6,42.3,23.0,14.3,52.6,33.1,0.0,6.9,1.7,0.6,2.3,0.0,0.6,1.7,2.9,1.7,4.0,1.7,0.6,-,.,,
TOTORAL, ZONA RURAL NO COMPRENDIDA EN MUNICIPIOS O COMUNAS,712,8.8,11.4,2.0,2.7,"2,267",-,61.8,58.2,82.8,34.6,3.5,61.0,48.4,17.6,13.2,58.1,28.7,1.5,14.2,5.8,1.0,1.6,0.7,0.8,4.4,9.2,2.5,5.2,1.9,1.7,-,.,,
TOTORAL, CAÑADA DE LUQUE,337,8.9,24.0,0.9,10.4,"1,217",55.8,62.8,56.5,80.8,53.3,4.8,48.3,41.5,22.4,7.7,54.6,37.7,0.1,18.0,7.9,0.5,1.9,0.1,1.2,6.4,13.1,2.7,6.4,2.1,3.5,-,.,,
TOTORAL, LAS PEÑAS,504,10.3,19.2,0.4,5.4,"1,664",404.1,61.7,63.0,76.8,45.6,5.8,55.5,45.6,29.7,9.6,55.5,34.9,0.3,8.7,4.3,0.2,1.4,0.2,0.3,2.3,6.0,1.0,3.0,1.1,1.0,-,.,,
TOTORAL, SARMIENTO,386,4.7,15.5,1.0,6.7,"1,455",270.6,61.0,61.1,83.6,37.9,6.9,61.8,42.6,31.9,7.5,55.1,37.5,0.7,11.1,4.1,0.7,1.0,0.5,1.2,3.6,6.5,1.6,3.9,2.4,2.3,-,.,,
TOTORAL, SINSACATE,351,3.7,14.0,0.3,5.7,"1,344",42.5,62.1,70.0,72.6,42.9,3.9,70.2,46.0,40.6,9.1,57.1,33.9,0.7,9.7,5.7,0.7,0.6,0.2,0.4,2.0,7.7,1.9,1.6,0.9,0.7,-,.,,
TOTORAL, VILLA DEL TOTORAL,"2,483",6.2,19.5,0.5,4.1,"8,439",626.1,64.9,63.5,75.1,35.8,6.4,64.6,47.3,44.7,8.7,59.0,32.3,0.5,10.7,4.4,0.7,1.4,0.2,0.6,3.4,6.9,2.0,4.1,1.8,1.5,-,.,,
TOTORAL, CANDELARIA SUD,40,12.5,12.5,0.0,7.5,125,293.3,64.0,55.0,54.5,45.8,20.0,40.8,53.6,10.4,12.0,62.4,25.6,0.0,27.2,17.6,0.0,3.2,0.0,2.4,4.0,21.6,0.8,5.6,0.0,3.2,-,.,,
TOTORAL, CAPILLA DEL SITON,149,3.4,18.8,0.7,9.4,556,2015.4,58.1,56.7,68.3,58.4,1.1,40.6,41.2,12.7,10.3,51.8,37.9,0.0,13.7,5.0,0.9,1.1,0.2,1.8,4.7,8.3,2.7,4.9,1.3,3.2,-,.,,
TOTORAL, LA PAMPA,242,6.6,19.4,1.2,7.9,952,130.5,58.3,62.9,84.5,41.7,6.7,52.8,44.2,24.2,8.1,53.4,38.6,0.9,13.2,6.0,0.6,1.5,0.0,0.9,4.2,9.6,2.6,4.6,1.7,2.3,-,.,,
TOTORAL, LOS MISTOLES,58,6.9,12.1,0.0,12.1,187,197.4,62.0,51.7,83.3,30.0,3.2,67.4,43.9,11.0,10.2,56.1,33.7,0.0,12.8,7.5,0.0,0.5,0.0,0.0,4.8,11.2,2.1,3.7,2.1,1.6,-,.,,
TOTORAL, SIMBOLAR,101,6.9,13.9,1.0,9.9,350,284.0,56.9,60.3,79.2,57.9,1.6,44.3,41.1,20.1,14.0,50.6,35.4,0.0,8.3,3.1,0.3,1.4,0.3,1.1,2.0,4.9,0.6,3.1,0.6,2.0,-,.,,
TULUMBA, ZONA RURAL NO COMPRENDIDA EN MUNICIPIOS O COMUNAS,"1,019",12.3,14.6,1.7,4.3,"2,878",-,61.5,46.0,74.7,48.7,9.6,43.0,48.3,9.6,17.4,56.8,25.8,0.5,25.3,9.8,1.2,2.3,0.5,1.1,10.4,19.0,6.1,9.9,4.4,3.6,-,.,,
TULUMBA, LAS ARRIAS,376,5.9,18.9,1.6,7.2,"1,179",125.0,61.1,61.7,74.8,63.0,4.3,38.8,44.8,21.0,9.4,55.6,35.0,0.0,22.2,7.5,1.0,2.0,0.6,1.4,9.8,16.3,4.8,9.8,4.0,3.5,-,.,,
TULUMBA, LUCIO VICTORIO MANSILLA,264,9.1,25.8,1.1,6.4,881,210.5,57.8,47.3,85.5,66.0,9.7,30.2,37.7,13.3,9.8,49.6,40.6,0.1,17.8,7.6,1.0,1.7,0.5,1.0,6.0,12.7,3.4,6.5,3.3,3.0,-,.,,
TULUMBA, SAN JOSE DE LA DORMIDA,"1,390",8.1,19.8,0.5,4.5,"4,510",447.7,62.1,62.3,73.3,50.7,4.2,51.4,45.1,33.6,10.1,56.4,33.5,0.6,16.6,6.6,0.8,2.0,0.4,1.1,5.6,11.2,2.8,6.1,2.5,2.6,-,.,,
TULUMBA, SAN JOSE DE LAS SALINAS,217,8.3,13.8,0.5,5.1,777,347.5,56.1,53.4,84.5,41.6,2.1,44.4,40.9,15.1,8.9,50.2,40.9,0.4,14.4,7.1,1.4,1.2,0.4,0.9,3.5,9.7,3.6,3.1,0.9,1.7,-,.,,
TULUMBA, SAN PEDRO NORTE,126,10.3,16.7,0.8,2.4,379,65.6,62.8,58.8,88.6,57.3,0.7,52.8,43.8,21.1,14.5,56.5,29.0,0.0,19.8,6.3,1.1,1.6,0.8,1.6,8.4,12.9,4.5,7.9,3.4,3.7,-,.,,
TULUMBA, VILLA TULUMBA,499,13.0,21.0,0.2,4.8,"1,597",299.9,60.6,61.9,74.5,46.4,5.2,55.3,45.6,42.2,14.2,56.4,29.4,0.5,14.3,5.8,0.6,2.2,0.4,0.3,5.1,10.1,2.7,6.3,1.8,1.1,-,.,,
TULUMBA, CHURQUI CAÑADA,27,22.2,11.1,0.0,0.0,58,57.8,62.1,69.4,56.0,35.7,0.0,55.2,46.6,7.4,27.6,60.3,12.1,0.0,20.7,10.3,0.0,3.4,1.7,1.7,3.4,12.1,0.0,6.9,3.4,3.4,-,.,,
TULUMBA, EL RODEO,67,9.0,14.9,0.0,7.5,236,77.1,62.7,45.3,79.1,50.9,4.3,52.1,44.5,11.4,11.4,57.2,31.4,0.4,13.6,9.3,0.0,0.4,0.0,0.0,3.8,13.1,2.1,3.4,0.8,1.3,-,.,,
TULUMBA, ROSARIO DEL SALADILLO,56,14.3,10.7,0.0,3.6,178,225.0,60.1,53.3,73.7,35.7,1.7,61.2,43.3,29.9,13.5,52.2,34.3,0.0,24.7,11.8,1.1,1.1,0.6,0.6,9.6,20.2,5.1,8.4,4.5,3.9,-,.,,
UNION, ZONA RURAL NO COMPRENDIDA EN MUNICIPIOS O COMUNAS,"2,027",3.1,5.0,3.0,2.4,"7,051",-,66.2,64.6,83.2,43.3,1.4,59.8,49.9,18.2,6.9,61.7,31.4,1.0,6.8,3.8,0.4,0.6,0.1,0.4,1.5,4.7,1.1,1.6,0.7,0.9,-,.,,
UNION, ALTO ALEGRE,249,9.6,13.3,0.4,2.4,817,490.3,61.7,62.9,75.1,42.9,3.6,65.4,45.3,30.3,13.6,55.7,30.7,0.1,7.3,3.2,0.7,1.1,0.1,0.6,1.6,4.3,1.1,2.2,1.0,1.0,-,.,,
UNION, BALLESTEROS,"1,245",10.6,13.3,0.3,3.0,"3,928",801.5,62.5,62.4,70.8,37.7,4.0,60.7,46.5,36.3,12.6,57.4,30.0,0.7,8.1,2.9,0.7,1.5,0.2,0.5,2.5,4.7,1.6,3.4,1.4,1.2,-,.,,
UNION, BALLESTEROS SUD,170,5.9,8.8,0.6,5.9,538,333.7,63.9,60.8,74.2,40.6,2.8,52.6,43.5,22.6,11.7,57.6,30.7,3.5,8.7,2.6,0.2,2.4,0.0,0.7,2.8,3.7,1.5,4.6,0.9,1.3,-,.,,
UNION, BELL VILLE,"11,290",10.2,15.0,0.5,2.7,"34,439",768.0,63.0,70.5,70.7,31.7,4.8,70.1,48.4,54.6,13.4,58.3,28.4,0.9,11.1,4.8,0.6,1.8,0.2,0.6,3.0,6.9,1.7,4.1,1.5,1.5,-,.,,
UNION, BENJAMIN GOULD,230,11.3,18.3,1.3,3.0,704,256.0,59.1,55.5,83.5,34.7,11.2,55.5,42.9,16.9,13.1,53.6,33.4,0.6,14.5,5.5,0.4,2.1,0.3,1.0,5.1,8.8,3.0,5.8,2.4,2.0,-,.,,
UNION, CANALS,"2,860",11.4,15.0,0.3,3.0,"8,676",643.4,60.9,67.5,69.6,45.4,3.4,63.5,45.2,40.4,14.1,55.6,30.3,0.7,11.5,4.8,0.7,1.7,0.2,0.7,3.5,7.4,2.2,4.3,1.5,1.6,-,.,,
UNION, CHILIBROSTE,202,9.9,12.4,2.0,4.5,614,365.2,63.7,59.8,72.6,37.1,2.1,58.1,47.9,28.2,14.8,56.8,28.3,0.2,12.7,5.2,1.1,2.8,0.3,0.3,2.9,7.5,2.4,4.9,0.7,1.3,-,.,,
UNION, CINTRA,407,14.5,12.5,0.7,2.0,"1,205",391.8,58.8,68.5,73.0,42.3,2.6,59.4,44.4,36.8,16.3,53.8,30.0,0.7,11.2,4.9,0.7,1.7,0.2,0.5,3.2,7.1,2.2,4.4,1.8,1.5,-,.,,
UNION, COLONIA BISMARCK,114,7.0,7.0,0.0,2.6,373,211.6,59.2,63.3,83.6,41.9,4.8,62.7,45.3,20.7,8.8,53.6,37.5,0.3,9.4,4.8,0.3,1.1,0.5,0.5,2.1,6.4,1.1,2.9,1.3,0.5,-,.,,
UNION, IDIAZABAL,512,11.7,10.5,0.2,1.6,"1,556",536.5,61.4,66.9,75.1,29.6,2.1,80.8,46.3,48.5,15.0,56.5,28.5,0.2,8.9,3.7,0.8,1.5,0.1,0.7,2.1,5.2,1.9,2.9,0.8,1.3,-,.,,
UNION, JUSTINIANO POSSE,"2,762",10.4,12.1,0.3,1.6,"8,569",1070.8,64.2,71.9,72.3,36.7,2.9,77.2,48.5,48.5,12.9,59.6,27.5,0.8,7.7,2.9,0.6,1.6,0.2,0.5,2.0,4.3,1.4,3.1,1.0,1.1,-,.,,
UNION, LABORDE,"2,129",11.4,11.9,1.2,1.8,"5,957",1256.4,62.6,67.3,71.3,40.6,4.0,69.1,47.1,49.2,15.9,58.5,25.6,0.4,13.1,5.5,0.6,2.2,0.3,0.3,4.1,8.9,2.2,5.3,2.1,1.5,-,.,,
UNION, MONTE LEÑA,128,7.8,10.9,0.0,9.4,436,163.8,65.8,58.9,78.1,34.8,6.1,52.5,43.1,21.8,9.2,58.3,32.6,1.4,8.3,3.9,0.5,0.5,0.2,0.2,3.0,6.2,1.6,2.5,1.6,1.4,-,.,,
UNION, MONTE MAIZ,"2,457",10.2,13.6,0.4,1.5,"7,478",858.7,63.7,70.8,73.2,34.1,2.1,75.9,48.1,48.5,13.2,58.4,28.4,0.8,13.0,7.0,0.7,1.3,0.2,0.3,3.4,9.6,2.3,3.7,1.5,1.2,-,.,,
UNION, MORRISON,"1,104",10.4,13.8,0.6,3.1,"3,397",1201.1,62.9,68.8,69.2,38.2,4.0,62.8,49.0,41.4,14.4,58.3,27.3,0.5,12.6,5.4,0.9,1.8,0.3,0.6,3.7,7.9,2.2,4.7,1.9,1.5,-,.,,
UNION, NOETINGER,"1,773",12.9,13.0,0.3,1.4,"4,923",447.0,62.9,69.1,74.8,36.2,4.2,75.7,49.0,45.0,16.8,58.6,24.6,0.7,10.0,3.9,0.5,1.7,0.3,0.5,3.0,6.1,1.8,4.1,1.5,1.4,-,.,,
UNION, ORDOÑEZ,814,12.7,10.3,0.4,1.4,"2,613",479.3,62.2,64.5,76.8,33.5,2.8,72.4,45.7,38.4,13.4,57.6,29.0,0.6,8.2,3.3,0.6,1.3,0.4,0.6,2.1,4.8,1.4,2.8,1.2,0.9,-,.,,
UNION, PASCANAS,947,10.2,13.1,1.4,1.0,"2,779",1377.1,65.0,70.9,71.0,38.6,2.2,76.4,48.0,49.0,14.1,59.8,26.1,0.7,11.3,6.3,0.6,1.3,0.3,0.3,2.7,8.3,1.7,3.4,1.1,0.9,-,.,,
UNION, PUEBLO ITALIANO,562,12.1,15.3,0.7,2.1,"1,662",1033.8,61.3,68.4,71.6,48.6,2.5,64.2,44.6,36.4,15.3,55.1,29.6,0.8,10.8,3.6,0.6,2.3,0.4,1.0,3.0,6.0,1.9,4.5,1.6,1.4,-,.,,
UNION, SAN ANTONIO DE LITIN,442,10.9,10.6,0.7,3.4,"1,314",906.5,60.0,70.4,69.2,40.4,2.8,69.8,46.0,45.2,15.9,55.3,28.8,0.2,9.1,3.5,0.6,1.9,0.3,0.2,2.6,5.3,2.1,3.6,1.3,0.6,-,.,,
UNION, SAN MARCOS SUD,"1,017",11.0,13.5,0.2,3.1,"3,145",776.1,60.9,68.0,70.0,34.9,4.5,72.5,45.5,38.2,13.4,56.0,30.5,1.0,10.9,3.7,0.5,1.8,0.3,0.5,4.1,7.2,3.1,5.3,2.7,2.8,-,.,,
UNION, VIAMONTE,549,11.5,14.0,0.0,1.8,"1,594",387.6,61.5,68.6,74.3,39.8,4.1,73.8,46.1,39.9,14.5,56.0,29.5,0.3,15.9,6.8,1.1,2.4,0.1,0.4,5.0,10.9,3.1,6.5,2.6,1.9,-,.,,
UNION, WENCESLAO ESCALANTE,544,12.7,12.5,0.6,0.7,"1,517",697.2,62.3,68.7,72.3,39.4,2.3,66.4,47.6,39.3,16.3,57.6,26.0,1.1,9.8,4.7,0.7,1.8,0.1,0.4,2.0,6.0,1.5,3.3,1.0,0.8,-,.,,
UNION, ALDEA SANTA MARIA,60,13.3,8.3,0.0,1.7,201,284.6,59.2,66.4,67.1,35.8,3.7,61.2,44.3,24.7,10.0,52.7,37.3,0.0,14.9,8.5,0.0,3.0,0.5,0.5,2.5,9.5,1.0,5.0,1.5,1.5,-,.,,
UNION, ANA ZUMARAN,25,4.0,4.0,4.0,0.0,98,118.5,55.1,70.4,94.7,27.8,0.0,88.8,43.9,11.6,7.1,50.0,42.9,0.0,8.2,0.0,1.0,3.1,0.0,0.0,4.1,3.1,3.1,6.1,0.0,0.0,-,.,,
UNION, COLONIA BREMEN,40,12.5,20.0,2.5,2.5,117,101.4,55.6,69.2,95.6,44.2,6.3,35.9,36.8,16.3,13.7,49.6,36.8,4.3,10.3,1.7,0.0,4.3,0.0,0.9,3.4,5.1,0.9,6.0,0.9,2.6,-,.,,
UNION, VILLA LOS PATOS,10,10.0,10.0,0.0,0.0,26,102.7,69.2,72.2,84.6,9.1,0.0,92.3,65.4,52.9,26.9,69.2,3.8,0.0,11.5,0.0,0.0,0.0,0.0,0.0,11.5,7.7,0.0,7.7,7.7,3.8,-,.,,
,,,,,,,,,,,,,,,,,,,,,,,,,,,,,,,,,,,,
"Fuente: Elaboración propia con base en Censo Nacional de Población, Hogares y Viviendas 2010 (INDEC) - Procesado con Redatam+SP, CEPAL/CELADE",,,,,,,,,,,,,,,,,,,,,,,,,,,,,,,,,,,,
Dirección General de Estadística y Censos de la Provincia de Córdoba,,,,,,,,,,,,,,,,,,,,,,,,,,,,,,,,,,,,
,,,,,,,,,,,,,,,,,,,,,,,,,,,,,,,,,,,,
,,,,,,,,,,,,,,,,,,,,,,,,,,,,,,,,,,,,
,,,,,,,,,,,,,,,,,,,,,,,,,,,,,,,,,,,,
,,,,,,,,,,,,,,,,,,,,,,,,,,,,,,,,,,,,
,,,,,,,,,,,,,,,,,,,,,,,,,,,,,,,,,,,,
,,,,,,,,,,,,,,,,,,,,,,,,,,,,,,,,,,,,
,,,,,,,,,,,,,,,,,,,,,,,,,,,,,,,,,,,,
,,,,,,,,,,,,,,,,,,,,,,,,,,,,,,,,,,,,
,,,,,,,,,,,,,,,,,,,,,,,,,,,,,,,,,,,,
,,,,,,,,,,,,,,,,,,,,,,,,,,,,,,,,,,,,
,,,,,,,,,,,,,,,,,,,,,,,,,,,,,,,,,,,,
,,,,,,,,,,,,,,,,,,,,,,,,,,,,,,,,,,,,
,,,,,,,,,,,,,,,,,,,,,,,,,,,,,,,,,,,,
,,,,,,,,,,,,,,,,,,,,,,,,,,,,,,,,,,,,
,,,,,,,,,,,,,,,,,,,,,,,,,,,,,,,,,,,,
,,,,,,,,,,,,,,,,,,,,,,,,,,,,,,,,,,,,
,,,,,,,,,,,,,,,,,,,,,,,,,,,,,,,,,,,,
,,,,,,,,,,,,,,,,,,,,,,,,,,,,,,,,,,,,
,,,,,,,,,,,,,,,,,,,,,,,,,,,,,,,,,,,,
,,,,,,,,,,,,,,,,,,,,,,,,,,,,,,,,,,,,
,,,,,,,,,,,,,,,,,,,,,,,,,,,,,,,,,,,,
,,,,,,,,,,,,,,,,,,,,,,,,,,,,,,,,,,,,
,,,,,,,,,,,,,,,,,,,,,,,,,,,,,,,,,,,,
,,,,,,,,,,,,,,,,,,,,,,,,,,,,,,,,,,,,
,,,,,,,,,,,,,,,,,,,,,,,,,,,,,,,,,,,,
,,,,,,,,,,,,,,,,,,,,,,,,,,,,,,,,,,,,
,,,,,,,,,,,,,,,,,,,,,,,,,,,,,,,,,,,,
,,,,,,,,,,,,,,,,,,,,,,,,,,,,,,,,,,,,
,,,,,,,,,,,,,,,,,,,,,,,,,,,,,,,,,,,,
,,,,,,,,,,,,,,,,,,,,,,,,,,,,,,,,,,,,
,,,,,,,,,,,,,,,,,,,,,,,,,,,,,,,,,,,,
,,,,,,,,,,,,,,,,,,,,,,,,,,,,,,,,,,,,
,,,,,,,,,,,,,,,,,,,,,,,,,,,,,,,,,,,,
,,,,,,,,,,,,,,,,,,,,,,,,,,,,,,,,,,,,
,,,,,,,,,,,,,,,,,,,,,,,,,,,,,,,,,,,,
,,,,,,,,,,,,,,,,,,,,,,,,,,,,,,,,,,,,
,,,,,,,,,,,,,,,,,,,,,,,,,,,,,,,,,,,,
,,,,,,,,,,,,,,,,,,,,,,,,,,,,,,,,,,,,
,,,,,,,,,,,,,,,,,,,,,,,,,,,,,,,,,,,,
,,,,,,,,,,,,,,,,,,,,,,,,,,,,,,,,,,,,
,,,,,,,,,,,,,,,,,,,,,,,,,,,,,,,,,,,,
,,,,,,,,,,,,,,,,,,,,,,,,,,,,,,,,,,,,
,,,,,,,,,,,,,,,,,,,,,,,,,,,,,,,,,,,,
,,,,,,,,,,,,,,,,,,,,,,,,,,,,,,,,,,,,
,,,,,,,,,,,,,,,,,,,,,,,,,,,,,,,,,,,,
,,,,,,,,,,,,,,,,,,,,,,,,,,,,,,,,,,,,
,,,,,,,,,,,,,,,,,,,,,,,,,,,,,,,,,,,,
,,,,,,,,,,,,,,,,,,,,,,,,,,,,,,,,,,,,
,,,,,,,,,,,,,,,,,,,,,,,,,,,,,,,,,,,,
,,,,,,,,,,,,,,,,,,,,,,,,,,,,,,,,,,,,
,,,,,,,,,,,,,,,,,,,,,,,,,,,,,,,,,,,,
,,,,,,,,,,,,,,,,,,,,,,,,,,,,,,,,,,,,
,,,,,,,,,,,,,,,,,,,,,,,,,,,,,,,,,,,,
,,,,,,,,,,,,,,,,,,,,,,,,,,,,,,,,,,,,
,,,,,,,,,,,,,,,,,,,,,,,,,,,,,,,,,,,,
,,,,,,,,,,,,,,,,,,,,,,,,,,,,,,,,,,,,
,,,,,,,,,,,,,,,,,,,,,,,,,,,,,,,,,,,,
,,,,,,,,,,,,,,,,,,,,,,,,,,,,,,,,,,,,
,,,,,,,,,,,,,,,,,,,,,,,,,,,,,,,,,,,,
,,,,,,,,,,,,,,,,,,,,,,,,,,,,,,,,,,,,
,,,,,,,,,,,,,,,,,,,,,,,,,,,,,,,,,,,,
,,,,,,,,,,,,,,,,,,,,,,,,,,,,,,,,,,,,
,,,,,,,,,,,,,,,,,,,,,,,,,,,,,,,,,,,,
,,,,,,,,,,,,,,,,,,,,,,,,,,,,,,,,,,,,
,,,,,,,,,,,,,,,,,,,,,,,,,,,,,,,,,,,,
,,,,,,,,,,,,,,,,,,,,,,,,,,,,,,,,,,,,
,,,,,,,,,,,,,,,,,,,,,,,,,,,,,,,,,,,,
,,,,,,,,,,,,,,,,,,,,,,,,,,,,,,,,,,,,
,,,,,,,,,,,,,,,,,,,,,,,,,,,,,,,,,,,,
,,,,,,,,,,,,,,,,,,,,,,,,,,,,,,,,,,,,
,,,,,,,,,,,,,,,,,,,,,,,,,,,,,,,,,,,,
,,,,,,,,,,,,,,,,,,,,,,,,,,,,,,,,,,,,
,,,,,,,,,,,,,,,,,,,,,,,,,,,,,,,,,,,,
,,,,,,,,,,,,,,,,,,,,,,,,,,,,,,,,,,,,
,,,,,,,,,,,,,,,,,,,,,,,,,,,,,,,,,,,,
,,,,,,,,,,,,,,,,,,,,,,,,,,,,,,,,,,,,
,,,,,,,,,,,,,,,,,,,,,,,,,,,,,,,,,,,,
,,,,,,,,,,,,,,,,,,,,,,,,,,,,,,,,,,,,
,,,,,,,,,,,,,,,,,,,,,,,,,,,,,,,,,,,,
,,,,,,,,,,,,,,,,,,,,,,,,,,,,,,,,,,,,
,,,,,,,,,,,,,,,,,,,,,,,,,,,,,,,,,,,,
,,,,,,,,,,,,,,,,,,,,,,,,,,,,,,,,,,,,
,,,,,,,,,,,,,,,,,,,,,,,,,,,,,,,,,,,,
,,,,,,,,,,,,,,,,,,,,,,,,,,,,,,,,,,,,
,,,,,,,,,,,,,,,,,,,,,,,,,,,,,,,,,,,,
,,,,,,,,,,,,,,,,,,,,,,,,,,,,,,,,,,,,
,,,,,,,,,,,,,,,,,,,,,,,,,,,,,,,,,,,,
,,,,,,,,,,,,,,,,,,,,,,,,,,,,,,,,,,,,
,,,,,,,,,,,,,,,,,,,,,,,,,,,,,,,,,,,,
,,,,,,,,,,,,,,,,,,,,,,,,,,,,,,,,,,,,
,,,,,,,,,,,,,,,,,,,,,,,,,,,,,,,,,,,,
,,,,,,,,,,,,,,,,,,,,,,,,,,,,,,,,,,,,
,,,,,,,,,,,,,,,,,,,,,,,,,,,,,,,,,,,,
,,,,,,,,,,,,,,,,,,,,,,,,,,,,,,,,,,,,
,,,,,,,,,,,,,,,,,,,,,,,,,,,,,,,,,,,,
,,,,,,,,,,,,,,,,,,,,,,,,,,,,,,,,,,,,
,,,,,,,,,,,,,,,,,,,,,,,,,,,,,,,,,,,,
,,,,,,,,,,,,,,,,,,,,,,,,,,,,,,,,,,,,
,,,,,,,,,,,,,,,,,,,,,,,,,,,,,,,,,,,,
,,,,,,,,,,,,,,,,,,,,,,,,,,,,,,,,,,,,
,,,,,,,,,,,,,,,,,,,,,,,,,,,,,,,,,,,,
,,,,,,,,,,,,,,,,,,,,,,,,,,,,,,,,,,,,
,,,,,,,,,,,,,,,,,,,,,,,,,,,,,,,,,,,,
,,,,,,,,,,,,,,,,,,,,,,,,,,,,,,,,,,,,
,,,,,,,,,,,,,,,,,,,,,,,,,,,,,,,,,,,,
,,,,,,,,,,,,,,,,,,,,,,,,,,,,,,,,,,,,
,,,,,,,,,,,,,,,,,,,,,,,,,,,,,,,,,,,,
,,,,,,,,,,,,,,,,,,,,,,,,,,,,,,,,,,,,
,,,,,,,,,,,,,,,,,,,,,,,,,,,,,,,,,,,,
,,,,,,,,,,,,,,,,,,,,,,,,,,,,,,,,,,,,
,,,,,,,,,,,,,,,,,,,,,,,,,,,,,,,,,,,,
,,,,,,,,,,,,,,,,,,,,,,,,,,,,,,,,,,,,
,,,,,,,,,,,,,,,,,,,,,,,,,,,,,,,,,,,,
,,,,,,,,,,,,,,,,,,,,,,,,,,,,,,,,,,,,
,,,,,,,,,,,,,,,,,,,,,,,,,,,,,,,,,,,,
,,,,,,,,,,,,,,,,,,,,,,,,,,,,,,,,,,,,
,,,,,,,,,,,,,,,,,,,,,,,,,,,,,,,,,,,,
,,,,,,,,,,,,,,,,,,,,,,,,,,,,,,,,,,,,
,,,,,,,,,,,,,,,,,,,,,,,,,,,,,,,,,,,,
,,,,,,,,,,,,,,,,,,,,,,,,,,,,,,,,,,,,
,,,,,,,,,,,,,,,,,,,,,,,,,,,,,,,,,,,,
,,,,,,,,,,,,,,,,,,,,,,,,,,,,,,,,,,,,
,,,,,,,,,,,,,,,,,,,,,,,,,,,,,,,,,,,,
,,,,,,,,,,,,,,,,,,,,,,,,,,,,,,,,,,,,
,,,,,,,,,,,,,,,,,,,,,,,,,,,,,,,,,,,,
,,,,,,,,,,,,,,,,,,,,,,,,,,,,,,,,,,,,
,,,,,,,,,,,,,,,,,,,,,,,,,,,,,,,,,,,,
,,,,,,,,,,,,,,,,,,,,,,,,,,,,,,,,,,,,
,,,,,,,,,,,,,,,,,,,,,,,,,,,,,,,,,,,,
,,,,,,,,,,,,,,,,,,,,,,,,,,,,,,,,,,,,
,,,,,,,,,,,,,,,,,,,,,,,,,,,,,,,,,,,,
,,,,,,,,,,,,,,,,,,,,,,,,,,,,,,,,,,,,
,,,,,,,,,,,,,,,,,,,,,,,,,,,,,,,,,,,,
,,,,,,,,,,,,,,,,,,,,,,,,,,,,,,,,,,,,
,,,,,,,,,,,,,,,,,,,,,,,,,,,,,,,,,,,,
,,,,,,,,,,,,,,,,,,,,,,,,,,,,,,,,,,,,
,,,,,,,,,,,,,,,,,,,,,,,,,,,,,,,,,,,,
,,,,,,,,,,,,,,,,,,,,,,,,,,,,,,,,,,,,
,,,,,,,,,,,,,,,,,,,,,,,,,,,,,,,,,,,,
,,,,,,,,,,,,,,,,,,,,,,,,,,,,,,,,,,,,
,,,,,,,,,,,,,,,,,,,,,,,,,,,,,,,,,,,,
,,,,,,,,,,,,,,,,,,,,,,,,,,,,,,,,,,,,
,,,,,,,,,,,,,,,,,,,,,,,,,,,,,,,,,,,,
,,,,,,,,,,,,,,,,,,,,,,,,,,,,,,,,,,,,
,,,,,,,,,,,,,,,,,,,,,,,,,,,,,,,,,,,,
,,,,,,,,,,,,,,,,,,,,,,,,,,,,,,,,,,,,
,,,,,,,,,,,,,,,,,,,,,,,,,,,,,,,,,,,,
,,,,,,,,,,,,,,,,,,,,,,,,,,,,,,,,,,,,
,,,,,,,,,,,,,,,,,,,,,,,,,,,,,,,,,,,,
,,,,,,,,,,,,,,,,,,,,,,,,,,,,,,,,,,,,
,,,,,,,,,,,,,,,,,,,,,,,,,,,,,,,,,,,,
,,,,,,,,,,,,,,,,,,,,,,,,,,,,,,,,,,,,
,,,,,,,,,,,,,,,,,,,,,,,,,,,,,,,,,,,,
,,,,,,,,,,,,,,,,,,,,,,,,,,,,,,,,,,,,
,,,,,,,,,,,,,,,,,,,,,,,,,,,,,,,,,,,,
,,,,,,,,,,,,,,,,,,,,,,,,,,,,,,,,,,,,
,,,,,,,,,,,,,,,,,,,,,,,,,,,,,,,,,,,,
,,,,,,,,,,,,,,,,,,,,,,,,,,,,,,,,,,,,
,,,,,,,,,,,,,,,,,,,,,,,,,,,,,,,,,,,,
,,,,,,,,,,,,,,,,,,,,,,,,,,,,,,,,,,,,
,,,,,,,,,,,,,,,,,,,,,,,,,,,,,,,,,,,,
,,,,,,,,,,,,,,,,,,,,,,,,,,,,,,,,,,,,
,,,,,,,,,,,,,,,,,,,,,,,,,,,,,,,,,,,,
,,,,,,,,,,,,,,,,,,,,,,,,,,,,,,,,,,,,
,,,,,,,,,,,,,,,,,,,,,,,,,,,,,,,,,,,,
,,,,,,,,,,,,,,,,,,,,,,,,,,,,,,,,,,,,
,,,,,,,,,,,,,,,,,,,,,,,,,,,,,,,,,,,,
,,,,,,,,,,,,,,,,,,,,,,,,,,,,,,,,,,,,
,,,,,,,,,,,,,,,,,,,,,,,,,,,,,,,,,,,,
,,,,,,,,,,,,,,,,,,,,,,,,,,,,,,,,,,,,
,,,,,,,,,,,,,,,,,,,,,,,,,,,,,,,,,,,,
,,,,,,,,,,,,,,,,,,,,,,,,,,,,,,,,,,,,
,,,,,,,,,,,,,,,,,,,,,,,,,,,,,,,,,,,,
,,,,,,,,,,,,,,,,,,,,,,,,,,,,,,,,,,,,
,,,,,,,,,,,,,,,,,,,,,,,,,,,,,,,,,,,,
,,,,,,,,,,,,,,,,,,,,,,,,,,,,,,,,,,,,
,,,,,,,,,,,,,,,,,,,,,,,,,,,,,,,,,,,,
,,,,,,,,,,,,,,,,,,,,,,,,,,,,,,,,,,,,
,,,,,,,,,,,,,,,,,,,,,,,,,,,,,,,,,,,,
,,,,,,,,,,,,,,,,,,,,,,,,,,,,,,,,,,,,
,,,,,,,,,,,,,,,,,,,,,,,,,,,,,,,,,,,,